eventID,eventDate,decimalLatitude,decimalLongitude,basisOfRecord,geodeticDatum,minimumDepthInMeters,maximumDepthInMeters,samplingProtocol
DE100N2,NA,NA,NA,HumanObservation,EPSG:4326 WGS84,0,9, http://dx.doi.org/10.21966/1.566666
DE100N1,NA,NA,NA,HumanObservation,EPSG:4326 WGS84,0,9, http://dx.doi.org/10.21966/1.566666
DE100N3,2015-05-12,49.9613,-124.747,HumanObservation,EPSG:4326 WGS84,0,9, http://dx.doi.org/10.21966/1.566666
DE101N1,2015-05-13,50.07902,-124.8509,HumanObservation,EPSG:4326 WGS84,0,9, http://dx.doi.org/10.21966/1.566666
DE102N1,2015-05-14,49.99932,-125.1395,HumanObservation,EPSG:4326 WGS84,0,9, http://dx.doi.org/10.21966/1.566666
DE103N1,2015-05-15,50.16142,-124.8842,HumanObservation,EPSG:4326 WGS84,0,9, http://dx.doi.org/10.21966/1.566666
DE104N1,2015-05-15,50.08007,-124.8511,HumanObservation,EPSG:4326 WGS84,0,9, http://dx.doi.org/10.21966/1.566666
DE105N1,2015-05-15,50.11842,-125.07512,HumanObservation,EPSG:4326 WGS84,0,9, http://dx.doi.org/10.21966/1.566666
DE106N1,2015-05-16,50.08005,-125.2468,HumanObservation,EPSG:4326 WGS84,0,9, http://dx.doi.org/10.21966/1.566666
DE107N1,2015-05-16,50.16412,-125.1602,HumanObservation,EPSG:4326 WGS84,0,9, http://dx.doi.org/10.21966/1.566666
DE108N1,2015-05-17,50.08123,-124.8549,HumanObservation,EPSG:4326 WGS84,0,9, http://dx.doi.org/10.21966/1.566666
DE109N1,2015-05-18,50.11405,-125.0787,HumanObservation,EPSG:4326 WGS84,0,9, http://dx.doi.org/10.21966/1.566666
DE110N1,2015-05-18,50.1659,-124.8888,HumanObservation,EPSG:4326 WGS84,0,9, http://dx.doi.org/10.21966/1.566666
DE111N1,2015-05-19,50.34273,-125.0841,HumanObservation,EPSG:4326 WGS84,0,9, http://dx.doi.org/10.21966/1.566666
DE112N1,2015-05-20,50.30787,-125.3293,HumanObservation,EPSG:4326 WGS84,0,9, http://dx.doi.org/10.21966/1.566666
DE114N1,2015-05-21,50.13705,-125.1175,HumanObservation,EPSG:4326 WGS84,0,9, http://dx.doi.org/10.21966/1.566666
DE115N1,NA,NA,NA,HumanObservation,EPSG:4326 WGS84,0,9, http://dx.doi.org/10.21966/1.566666
DE115N2,2015-05-21,50.18217,-125.1493,HumanObservation,EPSG:4326 WGS84,0,9, http://dx.doi.org/10.21966/1.566666
DE116N1,2015-05-23,50.31962,-125.0395,HumanObservation,EPSG:4326 WGS84,0,9, http://dx.doi.org/10.21966/1.566666
DE117N1,2015-05-23,50.44365,-125.279,HumanObservation,EPSG:4326 WGS84,0,9, http://dx.doi.org/10.21966/1.566666
DE120N1,NA,NA,NA,HumanObservation,EPSG:4326 WGS84,0,9, http://dx.doi.org/10.21966/1.566666
DE120N2,2015-05-24,50.34655,-125.45602,HumanObservation,EPSG:4326 WGS84,0,9, http://dx.doi.org/10.21966/1.566666
DE121N1,2015-05-24,50.30723,-125.33345,HumanObservation,EPSG:4326 WGS84,0,9, http://dx.doi.org/10.21966/1.566666
DE124N1,2015-05-25,50.3153,-125.05186,HumanObservation,EPSG:4326 WGS84,0,9, http://dx.doi.org/10.21966/1.566666
DE125N1,2015-05-25,NA,NA,HumanObservation,EPSG:4326 WGS84,0,9, http://dx.doi.org/10.21966/1.566666
DE128N3,NA,NA,NA,HumanObservation,EPSG:4326 WGS84,0,9, http://dx.doi.org/10.21966/1.566666
DE128N2,NA,NA,NA,HumanObservation,EPSG:4326 WGS84,0,9, http://dx.doi.org/10.21966/1.566666
DE128N1,NA,NA,NA,HumanObservation,EPSG:4326 WGS84,0,9, http://dx.doi.org/10.21966/1.566666
DE128N4,2015-05-26,50.44466,-125.2804,HumanObservation,EPSG:4326 WGS84,0,9, http://dx.doi.org/10.21966/1.566666
DE130N1,2015-05-26,50.30795,-125.32452,HumanObservation,EPSG:4326 WGS84,0,9, http://dx.doi.org/10.21966/1.566666
DE137N1,2015-05-28,50.44941,-125.33027,HumanObservation,EPSG:4326 WGS84,0,9, http://dx.doi.org/10.21966/1.566666
DE138N1,2015-05-28,NA,NA,HumanObservation,EPSG:4326 WGS84,0,9, http://dx.doi.org/10.21966/1.566666
DE139N1,2015-05-28,50.308839999999996,-125.32275,HumanObservation,EPSG:4326 WGS84,0,9, http://dx.doi.org/10.21966/1.566666
DE140N1,2015-05-30,50.10015,-125.27265,HumanObservation,EPSG:4326 WGS84,0,9, http://dx.doi.org/10.21966/1.566666
DE143N1,2015-05-31,50.31763,-125.04942,HumanObservation,EPSG:4326 WGS84,0,9, http://dx.doi.org/10.21966/1.566666
DE145N1,2015-05-31,50.06119,-124.87916,HumanObservation,EPSG:4326 WGS84,0,9, http://dx.doi.org/10.21966/1.566666
DE146N1,2015-05-31,NA,NA,HumanObservation,EPSG:4326 WGS84,0,9, http://dx.doi.org/10.21966/1.566666
DE148N1,2015-05-31,NA,NA,HumanObservation,EPSG:4326 WGS84,0,9, http://dx.doi.org/10.21966/1.566666
DE149N1,2015-06-01,50.44527,-125.2774,HumanObservation,EPSG:4326 WGS84,0,9, http://dx.doi.org/10.21966/1.566666
DE150N2,NA,NA,NA,HumanObservation,EPSG:4326 WGS84,0,9, http://dx.doi.org/10.21966/1.566666
DE150N1,NA,NA,NA,HumanObservation,EPSG:4326 WGS84,0,9, http://dx.doi.org/10.21966/1.566666
DE150N3,2015-06-01,50.34762,-125.45358,HumanObservation,EPSG:4326 WGS84,0,9, http://dx.doi.org/10.21966/1.566666
DE151N1,2015-06-01,50.30492,-125.33058,HumanObservation,EPSG:4326 WGS84,0,9, http://dx.doi.org/10.21966/1.566666
DE152N2,NA,NA,NA,HumanObservation,EPSG:4326 WGS84,0,9, http://dx.doi.org/10.21966/1.566666
DE152N1,NA,NA,NA,HumanObservation,EPSG:4326 WGS84,0,9, http://dx.doi.org/10.21966/1.566666
DE152N3,2015-06-03,50.44217,-125.27406,HumanObservation,EPSG:4326 WGS84,0,9, http://dx.doi.org/10.21966/1.566666
DE153N1,NA,NA,NA,HumanObservation,EPSG:4326 WGS84,0,9, http://dx.doi.org/10.21966/1.566666
DE153N2,2015-06-03,50.34851,-125.44831,HumanObservation,EPSG:4326 WGS84,0,9, http://dx.doi.org/10.21966/1.566666
DE154N1,2015-06-03,50.30759,-125.32969,HumanObservation,EPSG:4326 WGS84,0,9, http://dx.doi.org/10.21966/1.566666
DE155N1,2015-06-04,50.31954,-125.04247,HumanObservation,EPSG:4326 WGS84,0,9, http://dx.doi.org/10.21966/1.566666
DE158N1,NA,NA,NA,HumanObservation,EPSG:4326 WGS84,0,9, http://dx.doi.org/10.21966/1.566666
DE158N2,2015-06-04,50.07966,-125.24845,HumanObservation,EPSG:4326 WGS84,0,9, http://dx.doi.org/10.21966/1.566666
DE160N1,2015-06-05,50.44342,-125.27904,HumanObservation,EPSG:4326 WGS84,0,9, http://dx.doi.org/10.21966/1.566666
DE162N1,2015-06-05,50.30771,-125.32864,HumanObservation,EPSG:4326 WGS84,0,9, http://dx.doi.org/10.21966/1.566666
DE163N1,2015-06-05,50.19112,-125.14202,HumanObservation,EPSG:4326 WGS84,0,9, http://dx.doi.org/10.21966/1.566666
DE164N1,2015-06-06,NA,NA,HumanObservation,EPSG:4326 WGS84,0,9, http://dx.doi.org/10.21966/1.566666
DE168N1,2015-06-07,50.30812,-125.3269,HumanObservation,EPSG:4326 WGS84,0,9, http://dx.doi.org/10.21966/1.566666
DE169N1,NA,NA,NA,HumanObservation,EPSG:4326 WGS84,0,9, http://dx.doi.org/10.21966/1.566666
DE169N2,2015-06-07,50.1915,-125.14292,HumanObservation,EPSG:4326 WGS84,0,9, http://dx.doi.org/10.21966/1.566666
DE170N1,NA,NA,NA,HumanObservation,EPSG:4326 WGS84,0,9, http://dx.doi.org/10.21966/1.566666
DE170N2,2015-06-09,50.30734,-125.33514,HumanObservation,EPSG:4326 WGS84,0,9, http://dx.doi.org/10.21966/1.566666
DE171N1,NA,NA,NA,HumanObservation,EPSG:4326 WGS84,0,9, http://dx.doi.org/10.21966/1.566666
DE171N2,2015-06-09,NA,NA,HumanObservation,EPSG:4326 WGS84,0,9, http://dx.doi.org/10.21966/1.566666
DE173N1,2015-06-09,50.19077,-125.14249,HumanObservation,EPSG:4326 WGS84,0,9, http://dx.doi.org/10.21966/1.566666
DE174N1,2015-06-11,50.30806,-125.32972,HumanObservation,EPSG:4326 WGS84,0,9, http://dx.doi.org/10.21966/1.566666
DE175N1,2015-06-11,50.19017,-125.14437,HumanObservation,EPSG:4326 WGS84,0,9, http://dx.doi.org/10.21966/1.566666
DE179N1,2015-06-13,NA,NA,HumanObservation,EPSG:4326 WGS84,0,9, http://dx.doi.org/10.21966/1.566666
DE182N1,2015-06-13,50.19051,-125.1444,HumanObservation,EPSG:4326 WGS84,0,9, http://dx.doi.org/10.21966/1.566666
DE183N1,NA,NA,NA,HumanObservation,EPSG:4326 WGS84,0,9, http://dx.doi.org/10.21966/1.566666
DE183N2,2015-06-14,50.30767,-125.33023,HumanObservation,EPSG:4326 WGS84,0,9, http://dx.doi.org/10.21966/1.566666
DE184N1,2015-06-14,50.347410000000004,-125.45333,HumanObservation,EPSG:4326 WGS84,0,9, http://dx.doi.org/10.21966/1.566666
DE185N1,NA,NA,NA,HumanObservation,EPSG:4326 WGS84,0,9, http://dx.doi.org/10.21966/1.566666
DE185N2,2015-06-14,NA,NA,HumanObservation,EPSG:4326 WGS84,0,9, http://dx.doi.org/10.21966/1.566666
DE186N1,2015-06-15,NA,NA,HumanObservation,EPSG:4326 WGS84,0,9, http://dx.doi.org/10.21966/1.566666
DE189N1,2015-06-15,NA,NA,HumanObservation,EPSG:4326 WGS84,0,9, http://dx.doi.org/10.21966/1.566666
DE190N1,2015-06-16,NA,NA,HumanObservation,EPSG:4326 WGS84,0,9, http://dx.doi.org/10.21966/1.566666
DE192N2,NA,NA,NA,HumanObservation,EPSG:4326 WGS84,0,9, http://dx.doi.org/10.21966/1.566666
DE192N1,NA,NA,NA,HumanObservation,EPSG:4326 WGS84,0,9, http://dx.doi.org/10.21966/1.566666
DE192N3,2015-06-16,50.34866,-125.44482000000001,HumanObservation,EPSG:4326 WGS84,0,9, http://dx.doi.org/10.21966/1.566666
DE193N1,2015-06-16,NA,NA,HumanObservation,EPSG:4326 WGS84,0,9, http://dx.doi.org/10.21966/1.566666
DE194N1,2015-06-17,50.32119,-125.03856,HumanObservation,EPSG:4326 WGS84,0,9, http://dx.doi.org/10.21966/1.566666
DE195N1,2015-06-17,NA,NA,HumanObservation,EPSG:4326 WGS84,0,9, http://dx.doi.org/10.21966/1.566666
DE198N1,NA,NA,NA,HumanObservation,EPSG:4326 WGS84,0,9, http://dx.doi.org/10.21966/1.566666
DE198N2,2015-06-18,50.34829,-125.45001,HumanObservation,EPSG:4326 WGS84,0,9, http://dx.doi.org/10.21966/1.566666
DE199N1,2015-06-18,50.30819,-125.32694,HumanObservation,EPSG:4326 WGS84,0,9, http://dx.doi.org/10.21966/1.566666
DE201N1,2015-06-19,50.09809,-125.27142,HumanObservation,EPSG:4326 WGS84,0,9, http://dx.doi.org/10.21966/1.566666
DE205N1,NA,NA,NA,HumanObservation,EPSG:4326 WGS84,0,9, http://dx.doi.org/10.21966/1.566666
DE205N2,2015-06-20,50.34758,-125.4553,HumanObservation,EPSG:4326 WGS84,0,9, http://dx.doi.org/10.21966/1.566666
DE206N1,2015-06-20,50.30597,-125.33588,HumanObservation,EPSG:4326 WGS84,0,9, http://dx.doi.org/10.21966/1.566666
DE207N1,2015-06-21,NA,NA,HumanObservation,EPSG:4326 WGS84,0,9, http://dx.doi.org/10.21966/1.566666
DE212N1,NA,NA,NA,HumanObservation,EPSG:4326 WGS84,0,9, http://dx.doi.org/10.21966/1.566666
DE212N2,2015-06-22,50.44949,-125.32427,HumanObservation,EPSG:4326 WGS84,0,9, http://dx.doi.org/10.21966/1.566666
DE213N1,2015-06-22,NA,NA,HumanObservation,EPSG:4326 WGS84,0,9, http://dx.doi.org/10.21966/1.566666
DE214N1,2015-06-22,50,-125,HumanObservation,EPSG:4326 WGS84,0,9, http://dx.doi.org/10.21966/1.566666
DE216N1,2015-06-23,NA,NA,HumanObservation,EPSG:4326 WGS84,0,9, http://dx.doi.org/10.21966/1.566666
DE217N1,NA,NA,NA,HumanObservation,EPSG:4326 WGS84,0,9, http://dx.doi.org/10.21966/1.566666
DE217N2,2015-06-23,50.10264,-125.27585,HumanObservation,EPSG:4326 WGS84,0,9, http://dx.doi.org/10.21966/1.566666
DE218N1,2015-06-24,50.44045,-125.27069,HumanObservation,EPSG:4326 WGS84,0,9, http://dx.doi.org/10.21966/1.566666
DE219N1,2015-06-24,50.34969,-125.44451,HumanObservation,EPSG:4326 WGS84,0,9, http://dx.doi.org/10.21966/1.566666
DE220N1,2015-06-24,50.30698,-125.3259,HumanObservation,EPSG:4326 WGS84,0,9, http://dx.doi.org/10.21966/1.566666
DE221N1,2015-06-27,50.30702,-125.33509,HumanObservation,EPSG:4326 WGS84,0,9, http://dx.doi.org/10.21966/1.566666
DE224N1,2015-06-29,NA,NA,HumanObservation,EPSG:4326 WGS84,0,9, http://dx.doi.org/10.21966/1.566666
DE225N1,2015-06-29,50.34844,-125.44666,HumanObservation,EPSG:4326 WGS84,0,9, http://dx.doi.org/10.21966/1.566666
DE226N1,NA,NA,NA,HumanObservation,EPSG:4326 WGS84,0,9, http://dx.doi.org/10.21966/1.566666
DE226N2,2015-06-29,50.30764,-125.33348,HumanObservation,EPSG:4326 WGS84,0,9, http://dx.doi.org/10.21966/1.566666
DE231N1,NA,NA,NA,HumanObservation,EPSG:4326 WGS84,0,9, http://dx.doi.org/10.21966/1.566666
DE231N2,2015-07-02,50.30377,-125.33768,HumanObservation,EPSG:4326 WGS84,0,9, http://dx.doi.org/10.21966/1.566666
DE234N1,2015-07-05,50.34874,-125.44617,HumanObservation,EPSG:4326 WGS84,0,9, http://dx.doi.org/10.21966/1.566666
DE236N1,2015-07-06,50.30641,-125.31584,HumanObservation,EPSG:4326 WGS84,0,9, http://dx.doi.org/10.21966/1.566666
DE237N1,2015-07-06,50.34825,-125.44895,HumanObservation,EPSG:4326 WGS84,0,9, http://dx.doi.org/10.21966/1.566666
DE238N1,2015-07-07,50.34797,-125.45584,HumanObservation,EPSG:4326 WGS84,0,9, http://dx.doi.org/10.21966/1.566666
DE239N1,NA,NA,NA,HumanObservation,EPSG:4326 WGS84,0,9, http://dx.doi.org/10.21966/1.566666
DE239N2,2015-07-07,50.3079,-125.32955,HumanObservation,EPSG:4326 WGS84,0,9, http://dx.doi.org/10.21966/1.566666
DE240N1,2015-07-14,50.30717,-125.33303,HumanObservation,EPSG:4326 WGS84,0,9, http://dx.doi.org/10.21966/1.566666
DE241N1,2015-07-14,50.34811,-125.454,HumanObservation,EPSG:4326 WGS84,0,9, http://dx.doi.org/10.21966/1.566666
DE245N2,2016-05-09,50.318037,-125.049415,HumanObservation,EPSG:4326 WGS84,0,9, http://dx.doi.org/10.21966/1.566666
DE245N1,2016-05-09,50.318037,-125.049415,HumanObservation,EPSG:4326 WGS84,0,9, http://dx.doi.org/10.21966/1.566666
DE255N2,2016-05-13,50.023957,-124.914675,HumanObservation,EPSG:4326 WGS84,0,9, http://dx.doi.org/10.21966/1.566666
DE255N1,2016-05-13,50.023957,-124.914675,HumanObservation,EPSG:4326 WGS84,0,9, http://dx.doi.org/10.21966/1.566666
DE258N1,2016-05-13,49.9865,-125.162953,HumanObservation,EPSG:4326 WGS84,0,9, http://dx.doi.org/10.21966/1.566666
DE259N1,2016-05-14,50.237386,-125.12002,HumanObservation,EPSG:4326 WGS84,0,9, http://dx.doi.org/10.21966/1.566666
DE260N1,2016-05-14,50.32113,-125.040588,HumanObservation,EPSG:4326 WGS84,0,9, http://dx.doi.org/10.21966/1.566666
DE261N1,2016-05-14,50.19304,-125.136573,HumanObservation,EPSG:4326 WGS84,0,9, http://dx.doi.org/10.21966/1.566666
DE262N1,2016-05-15,50.287179,-125.33416,HumanObservation,EPSG:4326 WGS84,0,9, http://dx.doi.org/10.21966/1.566666
DE263N1,2016-05-15,50.243454,-125.398108,HumanObservation,EPSG:4326 WGS84,0,9, http://dx.doi.org/10.21966/1.566666
DE264N2,2016-05-15,50.208559,-125.355064,HumanObservation,EPSG:4326 WGS84,0,9, http://dx.doi.org/10.21966/1.566666
DE264N1,2016-05-15,50.208559,-125.355064,HumanObservation,EPSG:4326 WGS84,0,9, http://dx.doi.org/10.21966/1.566666
DE267N1,2016-05-16,50.393263,-125.373514,HumanObservation,EPSG:4326 WGS84,0,9, http://dx.doi.org/10.21966/1.566666
DE269N2,2016-05-18,50.020465,-124.917743,HumanObservation,EPSG:4326 WGS84,0,9, http://dx.doi.org/10.21966/1.566666
DE269N1,2016-05-18,50.020465,-124.917743,HumanObservation,EPSG:4326 WGS84,0,9, http://dx.doi.org/10.21966/1.566666
DE272N1,2016-05-18,49.990151,-125.160818,HumanObservation,EPSG:4326 WGS84,0,9, http://dx.doi.org/10.21966/1.566666
DE272N2,2016-05-18,49.990151,-125.160818,HumanObservation,EPSG:4326 WGS84,0,9, http://dx.doi.org/10.21966/1.566666
DE274N1,2016-05-19,50.319977,-125.042165,HumanObservation,EPSG:4326 WGS84,0,9, http://dx.doi.org/10.21966/1.566666
DE275N1,2016-05-19,50.241361,-125.119113,HumanObservation,EPSG:4326 WGS84,0,9, http://dx.doi.org/10.21966/1.566666
DE276N1,2016-05-19,50.191099,-125.138578,HumanObservation,EPSG:4326 WGS84,0,9, http://dx.doi.org/10.21966/1.566666
DE277N1,2016-05-23,50.30908,-125.325703,HumanObservation,EPSG:4326 WGS84,0,9, http://dx.doi.org/10.21966/1.566666
DE278N1,2016-05-23,50.274701,-125.377445,HumanObservation,EPSG:4326 WGS84,0,9, http://dx.doi.org/10.21966/1.566666
DE279N2,2016-05-23,50.224106,-125.395004,HumanObservation,EPSG:4326 WGS84,0,9, http://dx.doi.org/10.21966/1.566666
DE279N1,2016-05-23,50.224106,-125.395004,HumanObservation,EPSG:4326 WGS84,0,9, http://dx.doi.org/10.21966/1.566666
DE282N1,2016-05-24,50.392115,-125.374782,HumanObservation,EPSG:4326 WGS84,0,9, http://dx.doi.org/10.21966/1.566666
DE284N2,2016-05-26,50.3175,-125.050736,HumanObservation,EPSG:4326 WGS84,0,9, http://dx.doi.org/10.21966/1.566666
DE284N1,2016-05-26,50.3175,-125.050736,HumanObservation,EPSG:4326 WGS84,0,9, http://dx.doi.org/10.21966/1.566666
DE287N1,2016-05-26,50.190737,-125.143169,HumanObservation,EPSG:4326 WGS84,0,9, http://dx.doi.org/10.21966/1.566666
DE288N1,2016-05-27,50.243773,-125.397476,HumanObservation,EPSG:4326 WGS84,0,9, http://dx.doi.org/10.21966/1.566666
DE290N2,2016-05-27,50.304166,-125.333511,HumanObservation,EPSG:4326 WGS84,0,9, http://dx.doi.org/10.21966/1.566666
DE290N1,2016-05-27,50.304166,-125.333511,HumanObservation,EPSG:4326 WGS84,0,9, http://dx.doi.org/10.21966/1.566666
DE292N1,2016-06-01,50.308769,-125.326765,HumanObservation,EPSG:4326 WGS84,0,9, http://dx.doi.org/10.21966/1.566666
DE293N1,2016-06-01,50.274055,-125.328828,HumanObservation,EPSG:4326 WGS84,0,9, http://dx.doi.org/10.21966/1.566666
DE294N1,2016-06-01,50.24565,-125.396035,HumanObservation,EPSG:4326 WGS84,0,9, http://dx.doi.org/10.21966/1.566666
DE295N1,2016-06-02,50.347739,-125.45463,HumanObservation,EPSG:4326 WGS84,0,9, http://dx.doi.org/10.21966/1.566666
DE296N1,2016-06-02,50.386065,-125.376067,HumanObservation,EPSG:4326 WGS84,0,9, http://dx.doi.org/10.21966/1.566666
DE297N1,2016-06-02,50.462513,-125.368231,HumanObservation,EPSG:4326 WGS84,0,9, http://dx.doi.org/10.21966/1.566666
DE299N1,2016-06-03,50.239953,-125.126574,HumanObservation,EPSG:4326 WGS84,0,9, http://dx.doi.org/10.21966/1.566666
DE300N1,2016-06-03,50.190887,-125.143416,HumanObservation,EPSG:4326 WGS84,0,9, http://dx.doi.org/10.21966/1.566666
DE301N1,2016-06-07,50.30436,-125.332956,HumanObservation,EPSG:4326 WGS84,0,9, http://dx.doi.org/10.21966/1.566666
DE302N1,2016-06-07,50.242671,-125.398265,HumanObservation,EPSG:4326 WGS84,0,9, http://dx.doi.org/10.21966/1.566666
DE303N1,2016-06-08,50.347862,-125.455554,HumanObservation,EPSG:4326 WGS84,0,9, http://dx.doi.org/10.21966/1.566666
DE305N2,2016-06-08,50.461604,-125.368943,HumanObservation,EPSG:4326 WGS84,0,9, http://dx.doi.org/10.21966/1.566666
DE305N1,2016-06-08,50.461604,-125.368943,HumanObservation,EPSG:4326 WGS84,0,9, http://dx.doi.org/10.21966/1.566666
DE307N1,2016-06-09,50.31794,-125.050807,HumanObservation,EPSG:4326 WGS84,0,9, http://dx.doi.org/10.21966/1.566666
DE308N1,2016-06-09,50.190683,-125.143138,HumanObservation,EPSG:4326 WGS84,0,9, http://dx.doi.org/10.21966/1.566666
DE310N2,2016-06-11,50.021998,-124.916211,HumanObservation,EPSG:4326 WGS84,0,9, http://dx.doi.org/10.21966/1.566666
DE310N1,2016-06-11,50.021998,-124.916211,HumanObservation,EPSG:4326 WGS84,0,9, http://dx.doi.org/10.21966/1.566666
DE315N1,2016-06-13,50.391225,-125.365332,HumanObservation,EPSG:4326 WGS84,0,9, http://dx.doi.org/10.21966/1.566666
DE317N3,2016-06-14,50.305971,-125.334369,HumanObservation,EPSG:4326 WGS84,0,9, http://dx.doi.org/10.21966/1.566666
DE317N2,2016-06-14,50.305971,-125.334369,HumanObservation,EPSG:4326 WGS84,0,9, http://dx.doi.org/10.21966/1.566666
DE317N1,2016-06-14,50.305971,-125.334369,HumanObservation,EPSG:4326 WGS84,0,9, http://dx.doi.org/10.21966/1.566666
DE320N1,2016-06-14,50.235322,-125.39888,HumanObservation,EPSG:4326 WGS84,0,9, http://dx.doi.org/10.21966/1.566666
DE321N1,2016-06-14,50.275083,-125.381356,HumanObservation,EPSG:4326 WGS84,0,9, http://dx.doi.org/10.21966/1.566666
DE322N1,2016-06-14,50.307203,-125.332605,HumanObservation,EPSG:4326 WGS84,0,9, http://dx.doi.org/10.21966/1.566666
DE323N2,2016-06-16,50.319224,-125.044219,HumanObservation,EPSG:4326 WGS84,0,9, http://dx.doi.org/10.21966/1.566666
DE323N1,2016-06-16,50.319224,-125.044219,HumanObservation,EPSG:4326 WGS84,0,9, http://dx.doi.org/10.21966/1.566666
DE325N2,2016-06-16,50.238067,-125.1179,HumanObservation,EPSG:4326 WGS84,0,9, http://dx.doi.org/10.21966/1.566666
DE325N1,2016-06-16,50.238067,-125.1179,HumanObservation,EPSG:4326 WGS84,0,9, http://dx.doi.org/10.21966/1.566666
DE327N2,2016-06-16,50.191383,-125.143884,HumanObservation,EPSG:4326 WGS84,0,9, http://dx.doi.org/10.21966/1.566666
DE327N1,2016-06-16,50.191383,-125.143884,HumanObservation,EPSG:4326 WGS84,0,9, http://dx.doi.org/10.21966/1.566666
DE329N2,2016-06-21,50.30661,-125.335266,HumanObservation,EPSG:4326 WGS84,0,9, http://dx.doi.org/10.21966/1.566666
DE329N1,2016-06-21,50.30661,-125.335266,HumanObservation,EPSG:4326 WGS84,0,9, http://dx.doi.org/10.21966/1.566666
DE331N1,2016-06-21,50.236643,-125.39734,HumanObservation,EPSG:4326 WGS84,0,9, http://dx.doi.org/10.21966/1.566666
DE335N2,2016-06-22,50.382455,-125.373533,HumanObservation,EPSG:4326 WGS84,0,9, http://dx.doi.org/10.21966/1.566666
DE335N1,2016-06-22,50.382455,-125.373533,HumanObservation,EPSG:4326 WGS84,0,9, http://dx.doi.org/10.21966/1.566666
DE337N1,2016-06-22,50.38992,-125.613237,HumanObservation,EPSG:4326 WGS84,0,9, http://dx.doi.org/10.21966/1.566666
DE338N1,2016-06-22,50.458706,-125.365059,HumanObservation,EPSG:4326 WGS84,0,9, http://dx.doi.org/10.21966/1.566666
DE341N1,2016-06-23,50.24043,-125.119941,HumanObservation,EPSG:4326 WGS84,0,9, http://dx.doi.org/10.21966/1.566666
DE342N1,2016-06-24,50.022465,-124.916635,HumanObservation,EPSG:4326 WGS84,0,9, http://dx.doi.org/10.21966/1.566666
DE344N1,2016-06-24,49.997783,-125.15945,HumanObservation,EPSG:4326 WGS84,0,9, http://dx.doi.org/10.21966/1.566666
DE350N2,2016-06-29,50.307068,-125.329361,HumanObservation,EPSG:4326 WGS84,0,9, http://dx.doi.org/10.21966/1.566666
DE350N1,2016-06-29,50.307068,-125.329361,HumanObservation,EPSG:4326 WGS84,0,9, http://dx.doi.org/10.21966/1.566666
DE352N1,2016-06-30,50.378699,-125.373927,HumanObservation,EPSG:4326 WGS84,0,9, http://dx.doi.org/10.21966/1.566666
DE353N1,2016-06-30,50.348081,-125.455923,HumanObservation,EPSG:4326 WGS84,0,9, http://dx.doi.org/10.21966/1.566666
DE355N1,2016-06-30,50.462531,-125.359047,HumanObservation,EPSG:4326 WGS84,0,9, http://dx.doi.org/10.21966/1.566666
DE357N2,2016-07-05,50.240733,-125.12055,HumanObservation,EPSG:4326 WGS84,0,9, http://dx.doi.org/10.21966/1.566666
DE357N1,2016-07-05,50.240733,-125.12055,HumanObservation,EPSG:4326 WGS84,0,9, http://dx.doi.org/10.21966/1.566666
DE360N1,2016-07-06,50.275178,-125.378066,HumanObservation,EPSG:4326 WGS84,0,9, http://dx.doi.org/10.21966/1.566666
DE361N2,2016-07-06,50.307066,-125.322977,HumanObservation,EPSG:4326 WGS84,0,9, http://dx.doi.org/10.21966/1.566666
DE361N1,2016-07-06,50.304502,-125.336639,HumanObservation,EPSG:4326 WGS84,0,9, http://dx.doi.org/10.21966/1.566666
DE364N1,2017-05-23,50.18049002,-125.330849,HumanObservation,EPSG:4326 WGS84,0,9, http://dx.doi.org/10.21966/1.566666
DE365N1,2017-05-25,50.309067,-125.3257,HumanObservation,EPSG:4326 WGS84,0,9, http://dx.doi.org/10.21966/1.566666
DE366N1,2017-05-26,50.17999062,-125.0189455,HumanObservation,EPSG:4326 WGS84,0,9, http://dx.doi.org/10.21966/1.566666
DE367N1,2017-05-29,50.309278,-125.320699,HumanObservation,EPSG:4326 WGS84,0,9, http://dx.doi.org/10.21966/1.566666
DE368N1,2017-05-31,50.301803,-125.03049,HumanObservation,EPSG:4326 WGS84,0,9, http://dx.doi.org/10.21966/1.566666
DE436N1,NA,NA,NA,HumanObservation,EPSG:4326 WGS84,0,9, http://dx.doi.org/10.21966/1.566666
DE369N1,2017-06-01,50.305482,-125.024803,HumanObservation,EPSG:4326 WGS84,0,9, http://dx.doi.org/10.21966/1.566666
DE370N1,2017-06-05,50.274875,-125.376937,HumanObservation,EPSG:4326 WGS84,0,9, http://dx.doi.org/10.21966/1.566666
DE371N2,2017-06-07,50.306252,-125.336051,HumanObservation,EPSG:4326 WGS84,0,9, http://dx.doi.org/10.21966/1.566666
DE371N1,2017-06-07,50.307761,-125.325384,HumanObservation,EPSG:4326 WGS84,0,9, http://dx.doi.org/10.21966/1.566666
DE372N2,2017-06-12,50.307811,-125.329505,HumanObservation,EPSG:4326 WGS84,0,9, http://dx.doi.org/10.21966/1.566666
DE372N1,2017-06-12,50.3041,-125.33841,HumanObservation,EPSG:4326 WGS84,0,9, http://dx.doi.org/10.21966/1.566666
DE376N2,2017-06-13,50.274783,-125.377569,HumanObservation,EPSG:4326 WGS84,0,9, http://dx.doi.org/10.21966/1.566666
DE376N1,2017-06-13,50.274596,-125.377527,HumanObservation,EPSG:4326 WGS84,0,9, http://dx.doi.org/10.21966/1.566666
DE454AN5,NA,NA,NA,HumanObservation,EPSG:4326 WGS84,0,9, http://dx.doi.org/10.21966/1.566666
DE454AN4,NA,NA,NA,HumanObservation,EPSG:4326 WGS84,0,9, http://dx.doi.org/10.21966/1.566666
DE454AN3,NA,NA,NA,HumanObservation,EPSG:4326 WGS84,0,9, http://dx.doi.org/10.21966/1.566666
DE454AN2,NA,NA,NA,HumanObservation,EPSG:4326 WGS84,0,9, http://dx.doi.org/10.21966/1.566666
DE454AN1,NA,NA,NA,HumanObservation,EPSG:4326 WGS84,0,9, http://dx.doi.org/10.21966/1.566666
DE454BN8,NA,NA,NA,HumanObservation,EPSG:4326 WGS84,0,9, http://dx.doi.org/10.21966/1.566666
DE454BN7,NA,NA,NA,HumanObservation,EPSG:4326 WGS84,0,9, http://dx.doi.org/10.21966/1.566666
DE454BN6,NA,NA,NA,HumanObservation,EPSG:4326 WGS84,0,9, http://dx.doi.org/10.21966/1.566666
DE377N1,2017-06-19,50.236254,-125.398402,HumanObservation,EPSG:4326 WGS84,0,9, http://dx.doi.org/10.21966/1.566666
DE382N1,2017-06-19,NA,NA,HumanObservation,EPSG:4326 WGS84,0,9, http://dx.doi.org/10.21966/1.566666
DE378N1,2017-06-20,50.304561,-125.337253,HumanObservation,EPSG:4326 WGS84,0,9, http://dx.doi.org/10.21966/1.566666
DE383N1,NA,NA,NA,HumanObservation,EPSG:4326 WGS84,0,9, http://dx.doi.org/10.21966/1.566666
DE373N2,2017-06-26,50.297362,-125.339472,HumanObservation,EPSG:4326 WGS84,0,9, http://dx.doi.org/10.21966/1.566666
DE373N1,2017-06-26,50.29725,-125.338485,HumanObservation,EPSG:4326 WGS84,0,9, http://dx.doi.org/10.21966/1.566666
DE384N1,NA,NA,NA,HumanObservation,EPSG:4326 WGS84,0,9, http://dx.doi.org/10.21966/1.566666
DE374N1,2017-06-28,50.434701,-125.26607,HumanObservation,EPSG:4326 WGS84,0,9, http://dx.doi.org/10.21966/1.566666
DE457N3,2017-06-29,50.297141,-125.340397,HumanObservation,EPSG:4326 WGS84,0,9, http://dx.doi.org/10.21966/1.566666
DE457N2,2017-06-29,50.297141,-125.340397,HumanObservation,EPSG:4326 WGS84,0,9, http://dx.doi.org/10.21966/1.566666
DE457N1,2017-06-29,50.297141,-125.340397,HumanObservation,EPSG:4326 WGS84,0,9, http://dx.doi.org/10.21966/1.566666
DE458N1,2017-06-29,50.30969,-125.321237,HumanObservation,EPSG:4326 WGS84,0,9, http://dx.doi.org/10.21966/1.566666
DE459N2,2017-06-29,50.30955,-125.306633,HumanObservation,EPSG:4326 WGS84,0,9, http://dx.doi.org/10.21966/1.566666
DE459N1,2017-06-29,50.30955,-125.306633,HumanObservation,EPSG:4326 WGS84,0,9, http://dx.doi.org/10.21966/1.566666
DE460N1,2017-06-29,50.29885,-125.337833,HumanObservation,EPSG:4326 WGS84,0,9, http://dx.doi.org/10.21966/1.566666
DE461N1,2017-06-30,50.306507,-125.330603,HumanObservation,EPSG:4326 WGS84,0,9, http://dx.doi.org/10.21966/1.566666
DE462N2,2017-06-30,50.308201,-125.327355,HumanObservation,EPSG:4326 WGS84,0,9, http://dx.doi.org/10.21966/1.566666
DE462N1,2017-06-30,50.308201,-125.327355,HumanObservation,EPSG:4326 WGS84,0,9, http://dx.doi.org/10.21966/1.566666
DE463N3,2017-06-30,50.299822,-125.3415,HumanObservation,EPSG:4326 WGS84,0,9, http://dx.doi.org/10.21966/1.566666
DE463N2,2017-06-30,50.308112,-125.326899,HumanObservation,EPSG:4326 WGS84,0,9, http://dx.doi.org/10.21966/1.566666
DE463N1,2017-06-30,50.308112,-125.326899,HumanObservation,EPSG:4326 WGS84,0,9, http://dx.doi.org/10.21966/1.566666
DE464N2,2017-06-30,50.300978,-125.341211,HumanObservation,EPSG:4326 WGS84,0,9, http://dx.doi.org/10.21966/1.566666
DE464N1,2017-06-30,50.300978,-125.341211,HumanObservation,EPSG:4326 WGS84,0,9, http://dx.doi.org/10.21966/1.566666
DE379N1,2017-07-04,50.237837,-125.396111,HumanObservation,EPSG:4326 WGS84,0,9, http://dx.doi.org/10.21966/1.566666
DE375N1,2017-07-04,50.27485,-125.377707,HumanObservation,EPSG:4326 WGS84,0,9, http://dx.doi.org/10.21966/1.566666
DE380N1,2017-07-05,50.307981,-125.320206,HumanObservation,EPSG:4326 WGS84,0,9, http://dx.doi.org/10.21966/1.566666
DE381N1,2017-07-10,50.305134,-125.337052,HumanObservation,EPSG:4326 WGS84,0,9, http://dx.doi.org/10.21966/1.566666
DE455AN4,NA,NA,NA,HumanObservation,EPSG:4326 WGS84,0,9, http://dx.doi.org/10.21966/1.566666
DE455AN3,NA,NA,NA,HumanObservation,EPSG:4326 WGS84,0,9, http://dx.doi.org/10.21966/1.566666
DE455AN2,NA,NA,NA,HumanObservation,EPSG:4326 WGS84,0,9, http://dx.doi.org/10.21966/1.566666
DE455AN1,NA,NA,NA,HumanObservation,EPSG:4326 WGS84,0,9, http://dx.doi.org/10.21966/1.566666
DE455BN8,NA,NA,NA,HumanObservation,EPSG:4326 WGS84,0,9, http://dx.doi.org/10.21966/1.566666
DE455BN7,NA,NA,NA,HumanObservation,EPSG:4326 WGS84,0,9, http://dx.doi.org/10.21966/1.566666
DE455BN6,NA,NA,NA,HumanObservation,EPSG:4326 WGS84,0,9, http://dx.doi.org/10.21966/1.566666
DE455BN5,NA,NA,NA,HumanObservation,EPSG:4326 WGS84,0,9, http://dx.doi.org/10.21966/1.566666
JE100N1,2015-05-20,NA,NA,HumanObservation,EPSG:4326 WGS84,0,9, http://dx.doi.org/10.21966/1.566666
JE101N1,2015-05-20,50.50535,-126.24163,HumanObservation,EPSG:4326 WGS84,0,9, http://dx.doi.org/10.21966/1.566666
JE102N1,NA,NA,NA,HumanObservation,EPSG:4326 WGS84,0,9, http://dx.doi.org/10.21966/1.566666
JE102N2,2015-05-21,50.47479,-126.03259,HumanObservation,EPSG:4326 WGS84,0,9, http://dx.doi.org/10.21966/1.566666
JE103N1,NA,NA,NA,HumanObservation,EPSG:4326 WGS84,0,9, http://dx.doi.org/10.21966/1.566666
JE103N2,2015-05-21,NA,NA,HumanObservation,EPSG:4326 WGS84,0,9, http://dx.doi.org/10.21966/1.566666
JE104N1,2015-05-22,50.45614,-126.11933,HumanObservation,EPSG:4326 WGS84,0,9, http://dx.doi.org/10.21966/1.566666
JE105N1,NA,NA,NA,HumanObservation,EPSG:4326 WGS84,0,9, http://dx.doi.org/10.21966/1.566666
JE105N2,2015-05-22,50.48078,-126.41037,HumanObservation,EPSG:4326 WGS84,0,9, http://dx.doi.org/10.21966/1.566666
JE106N3,NA,NA,NA,HumanObservation,EPSG:4326 WGS84,0,9, http://dx.doi.org/10.21966/1.566666
JE106N2,NA,NA,NA,HumanObservation,EPSG:4326 WGS84,0,9, http://dx.doi.org/10.21966/1.566666
JE106N1,NA,NA,NA,HumanObservation,EPSG:4326 WGS84,0,9, http://dx.doi.org/10.21966/1.566666
JE106N4,2015-05-22,50.52222,-126.39167,HumanObservation,EPSG:4326 WGS84,0,9, http://dx.doi.org/10.21966/1.566666
JE107N1,NA,NA,NA,HumanObservation,EPSG:4326 WGS84,0,9, http://dx.doi.org/10.21966/1.566666
JE107N2,2015-05-23,50.54648,-126.67096,HumanObservation,EPSG:4326 WGS84,0,9, http://dx.doi.org/10.21966/1.566666
JE108N1,NA,NA,NA,HumanObservation,EPSG:4326 WGS84,0,9, http://dx.doi.org/10.21966/1.566666
JE108N2,2015-05-23,50.54039,-126.78096,HumanObservation,EPSG:4326 WGS84,0,9, http://dx.doi.org/10.21966/1.566666
JE109N2,NA,NA,NA,HumanObservation,EPSG:4326 WGS84,0,9, http://dx.doi.org/10.21966/1.566666
JE109N1,NA,NA,NA,HumanObservation,EPSG:4326 WGS84,0,9, http://dx.doi.org/10.21966/1.566666
JE109N3,2015-05-23,50.55787,-126.73532,HumanObservation,EPSG:4326 WGS84,0,9, http://dx.doi.org/10.21966/1.566666
JE110N1,NA,NA,NA,HumanObservation,EPSG:4326 WGS84,0,9, http://dx.doi.org/10.21966/1.566666
JE110N2,2015-05-24,50.60101,-126.70394,HumanObservation,EPSG:4326 WGS84,0,9, http://dx.doi.org/10.21966/1.566666
JE112N1,2015-05-24,50.47696,-126.0273,HumanObservation,EPSG:4326 WGS84,0,9, http://dx.doi.org/10.21966/1.566666
JE113N1,2015-05-25,50.49853,-126.21348,HumanObservation,EPSG:4326 WGS84,0,9, http://dx.doi.org/10.21966/1.566666
JE114N1,2015-05-25,50.52363,-126.39046,HumanObservation,EPSG:4326 WGS84,0,9, http://dx.doi.org/10.21966/1.566666
JE115N1,2015-05-25,50.48103,-126.41291,HumanObservation,EPSG:4326 WGS84,0,9, http://dx.doi.org/10.21966/1.566666
JE116N1,2015-05-26,50.45622,-126.11838,HumanObservation,EPSG:4326 WGS84,0,9, http://dx.doi.org/10.21966/1.566666
JE117N1,NA,NA,NA,HumanObservation,EPSG:4326 WGS84,0,9, http://dx.doi.org/10.21966/1.566666
JE117N2,2015-05-26,50.54672,-126.67256,HumanObservation,EPSG:4326 WGS84,0,9, http://dx.doi.org/10.21966/1.566666
JE118N1,2015-05-26,50.53989,-126.78256,HumanObservation,EPSG:4326 WGS84,0,9, http://dx.doi.org/10.21966/1.566666
JE119N1,2015-05-27,50.55951,-126.75326,HumanObservation,EPSG:4326 WGS84,0,9, http://dx.doi.org/10.21966/1.566666
JE122N1,NA,NA,NA,HumanObservation,EPSG:4326 WGS84,0,9, http://dx.doi.org/10.21966/1.566666
JE122N2,2015-05-27,50.53957,-126.7781,HumanObservation,EPSG:4326 WGS84,0,9, http://dx.doi.org/10.21966/1.566666
JE123N2,NA,NA,NA,HumanObservation,EPSG:4326 WGS84,0,9, http://dx.doi.org/10.21966/1.566666
JE123N1,NA,NA,NA,HumanObservation,EPSG:4326 WGS84,0,9, http://dx.doi.org/10.21966/1.566666
JE123N3,2015-05-28,50.57078,-126.70066,HumanObservation,EPSG:4326 WGS84,0,9, http://dx.doi.org/10.21966/1.566666
JE126N1,2015-05-29,50.4838,-126.01069,HumanObservation,EPSG:4326 WGS84,0,9, http://dx.doi.org/10.21966/1.566666
JE127N1,2015-05-29,NA,NA,HumanObservation,EPSG:4326 WGS84,0,9, http://dx.doi.org/10.21966/1.566666
JE128N1,NA,NA,NA,HumanObservation,EPSG:4326 WGS84,0,9, http://dx.doi.org/10.21966/1.566666
JE128N2,2015-05-30,50.50733,-126.24336,HumanObservation,EPSG:4326 WGS84,0,9, http://dx.doi.org/10.21966/1.566666
JE129N2,NA,NA,NA,HumanObservation,EPSG:4326 WGS84,0,9, http://dx.doi.org/10.21966/1.566666
JE129N1,NA,NA,NA,HumanObservation,EPSG:4326 WGS84,0,9, http://dx.doi.org/10.21966/1.566666
JE129N3,2015-05-30,50.45679,-126.16458,HumanObservation,EPSG:4326 WGS84,0,9, http://dx.doi.org/10.21966/1.566666
JE131N1,2015-05-30,50.48405,-126.3987,HumanObservation,EPSG:4326 WGS84,0,9, http://dx.doi.org/10.21966/1.566666
JE132N1,2015-05-31,50.52152,-126.40028,HumanObservation,EPSG:4326 WGS84,0,9, http://dx.doi.org/10.21966/1.566666
JE133N1,2015-05-31,50.54605,-126.66218,HumanObservation,EPSG:4326 WGS84,0,9, http://dx.doi.org/10.21966/1.566666
JE134N1,2015-05-31,50.53808,-126.77494,HumanObservation,EPSG:4326 WGS84,0,9, http://dx.doi.org/10.21966/1.566666
JE136N1,2015-06-01,50.60051,-126.70319,HumanObservation,EPSG:4326 WGS84,0,9, http://dx.doi.org/10.21966/1.566666
JE137N1,2015-06-01,50.57871,-126.72129,HumanObservation,EPSG:4326 WGS84,0,9, http://dx.doi.org/10.21966/1.566666
JE138N1,2015-06-01,50.55853,-126.73145,HumanObservation,EPSG:4326 WGS84,0,9, http://dx.doi.org/10.21966/1.566666
JE139N1,2015-06-02,50.50763,-126.24218,HumanObservation,EPSG:4326 WGS84,0,9, http://dx.doi.org/10.21966/1.566666
JE140N1,2015-06-02,50.45649,-126.16619,HumanObservation,EPSG:4326 WGS84,0,9, http://dx.doi.org/10.21966/1.566666
JE141N1,2015-06-02,NA,NA,HumanObservation,EPSG:4326 WGS84,0,9, http://dx.doi.org/10.21966/1.566666
JE142N1,2015-06-03,50.48189,-126.01128,HumanObservation,EPSG:4326 WGS84,0,9, http://dx.doi.org/10.21966/1.566666
JE143N1,2015-06-03,50.48072,-126.40915,HumanObservation,EPSG:4326 WGS84,0,9, http://dx.doi.org/10.21966/1.566666
JE145N1,2015-06-03,50.53944,-126.78254,HumanObservation,EPSG:4326 WGS84,0,9, http://dx.doi.org/10.21966/1.566666
JE146N1,2015-06-04,50.52232,-126.39556,HumanObservation,EPSG:4326 WGS84,0,9, http://dx.doi.org/10.21966/1.566666
JE147N1,2015-06-04,50.54216,-126.63511,HumanObservation,EPSG:4326 WGS84,0,9, http://dx.doi.org/10.21966/1.566666
JE148N2,NA,NA,NA,HumanObservation,EPSG:4326 WGS84,0,9, http://dx.doi.org/10.21966/1.566666
JE148N1,NA,NA,NA,HumanObservation,EPSG:4326 WGS84,0,9, http://dx.doi.org/10.21966/1.566666
JE148N3,2015-06-04,50.5956,-126.69022,HumanObservation,EPSG:4326 WGS84,0,9, http://dx.doi.org/10.21966/1.566666
JE149N1,2015-06-05,50.55855,-126.73248,HumanObservation,EPSG:4326 WGS84,0,9, http://dx.doi.org/10.21966/1.566666
JE150N1,2015-06-05,50.56784,-126.69728,HumanObservation,EPSG:4326 WGS84,0,9, http://dx.doi.org/10.21966/1.566666
JE152N1,2015-06-06,50.45987,-126.16961,HumanObservation,EPSG:4326 WGS84,0,9, http://dx.doi.org/10.21966/1.566666
JE153N1,2015-06-06,NA,NA,HumanObservation,EPSG:4326 WGS84,0,9, http://dx.doi.org/10.21966/1.566666
JE154N1,2015-06-07,50.47794,-126.02803,HumanObservation,EPSG:4326 WGS84,0,9, http://dx.doi.org/10.21966/1.566666
JE155N1,2015-06-07,50.49983,-126.20581,HumanObservation,EPSG:4326 WGS84,0,9, http://dx.doi.org/10.21966/1.566666
JE157N1,NA,NA,NA,HumanObservation,EPSG:4326 WGS84,0,9, http://dx.doi.org/10.21966/1.566666
JE157N2,2015-06-07,50.47923,-126.41485,HumanObservation,EPSG:4326 WGS84,0,9, http://dx.doi.org/10.21966/1.566666
JE159N1,2015-06-07,50.539,-126.7781,HumanObservation,EPSG:4326 WGS84,0,9, http://dx.doi.org/10.21966/1.566666
JE160N1,2015-06-08,50.52411,-126.39107,HumanObservation,EPSG:4326 WGS84,0,9, http://dx.doi.org/10.21966/1.566666
JE161N1,2015-06-08,50.54418,-126.63202,HumanObservation,EPSG:4326 WGS84,0,9, http://dx.doi.org/10.21966/1.566666
JE162N1,2015-06-08,50.57687,-126.72184,HumanObservation,EPSG:4326 WGS84,0,9, http://dx.doi.org/10.21966/1.566666
JE163N1,2015-06-09,50.59537,-126.69062,HumanObservation,EPSG:4326 WGS84,0,9, http://dx.doi.org/10.21966/1.566666
JE165N1,2015-06-11,50.50008,-126.20937,HumanObservation,EPSG:4326 WGS84,0,9, http://dx.doi.org/10.21966/1.566666
JE166N1,2015-06-11,50.45951,-126.16958,HumanObservation,EPSG:4326 WGS84,0,9, http://dx.doi.org/10.21966/1.566666
JE168N1,2015-06-12,50.47959,-126.02629,HumanObservation,EPSG:4326 WGS84,0,9, http://dx.doi.org/10.21966/1.566666
JE171N1,NA,NA,NA,HumanObservation,EPSG:4326 WGS84,0,9, http://dx.doi.org/10.21966/1.566666
JE171N2,2015-06-13,50.53988,-126.78291,HumanObservation,EPSG:4326 WGS84,0,9, http://dx.doi.org/10.21966/1.566666
JE172N3,NA,NA,NA,HumanObservation,EPSG:4326 WGS84,0,9, http://dx.doi.org/10.21966/1.566666
JE172N2,NA,NA,NA,HumanObservation,EPSG:4326 WGS84,0,9, http://dx.doi.org/10.21966/1.566666
JE172N1,NA,NA,NA,HumanObservation,EPSG:4326 WGS84,0,9, http://dx.doi.org/10.21966/1.566666
JE172N4,2015-06-14,50.47679,-126.02843,HumanObservation,EPSG:4326 WGS84,0,9, http://dx.doi.org/10.21966/1.566666
JE173N1,2015-06-14,50.45698,-126.16944,HumanObservation,EPSG:4326 WGS84,0,9, http://dx.doi.org/10.21966/1.566666
JE174N1,2015-06-14,50.49881,-126.21349,HumanObservation,EPSG:4326 WGS84,0,9, http://dx.doi.org/10.21966/1.566666
JE175N1,2015-06-15,50.52618,-126.38632,HumanObservation,EPSG:4326 WGS84,0,9, http://dx.doi.org/10.21966/1.566666
JE176N1,NA,NA,NA,HumanObservation,EPSG:4326 WGS84,0,9, http://dx.doi.org/10.21966/1.566666
JE176N2,2015-06-15,50.48035,-126.41265,HumanObservation,EPSG:4326 WGS84,0,9, http://dx.doi.org/10.21966/1.566666
JE177N1,NA,NA,NA,HumanObservation,EPSG:4326 WGS84,0,9, http://dx.doi.org/10.21966/1.566666
JE177N2,2015-06-15,50.54719,-126.67487,HumanObservation,EPSG:4326 WGS84,0,9, http://dx.doi.org/10.21966/1.566666
JE178N1,2015-06-15,50.55792,-126.73617,HumanObservation,EPSG:4326 WGS84,0,9, http://dx.doi.org/10.21966/1.566666
JE179N1,2015-06-16,50.58185,-126.71983,HumanObservation,EPSG:4326 WGS84,0,9, http://dx.doi.org/10.21966/1.566666
JE180N1,NA,NA,NA,HumanObservation,EPSG:4326 WGS84,0,9, http://dx.doi.org/10.21966/1.566666
JE180N2,2015-06-16,50.59549,-126.69036,HumanObservation,EPSG:4326 WGS84,0,9, http://dx.doi.org/10.21966/1.566666
JE181N1,NA,NA,NA,HumanObservation,EPSG:4326 WGS84,0,9, http://dx.doi.org/10.21966/1.566666
JE181N2,2015-06-16,50.54327,-126.81252,HumanObservation,EPSG:4326 WGS84,0,9, http://dx.doi.org/10.21966/1.566666
JE182N1,2015-06-17,50.52491,-126.38617,HumanObservation,EPSG:4326 WGS84,0,9, http://dx.doi.org/10.21966/1.566666
JE183N1,2015-06-17,50.47943,-126.41631,HumanObservation,EPSG:4326 WGS84,0,9, http://dx.doi.org/10.21966/1.566666
JE184N1,2015-06-17,50.5463,-126.66727,HumanObservation,EPSG:4326 WGS84,0,9, http://dx.doi.org/10.21966/1.566666
JE185N1,2015-06-18,50.47909,-126.02584,HumanObservation,EPSG:4326 WGS84,0,9, http://dx.doi.org/10.21966/1.566666
JE186N1,2015-06-18,50.45747,-126.16879,HumanObservation,EPSG:4326 WGS84,0,9, http://dx.doi.org/10.21966/1.566666
JE187N1,2015-06-18,50.49921,-126.20961,HumanObservation,EPSG:4326 WGS84,0,9, http://dx.doi.org/10.21966/1.566666
JE188N1,2015-06-18,50.58086,-126.72272,HumanObservation,EPSG:4326 WGS84,0,9, http://dx.doi.org/10.21966/1.566666
JE189N1,NA,NA,NA,HumanObservation,EPSG:4326 WGS84,0,9, http://dx.doi.org/10.21966/1.566666
JE189N2,2015-06-19,50.54362,-126.81951,HumanObservation,EPSG:4326 WGS84,0,9, http://dx.doi.org/10.21966/1.566666
JE190N1,2015-06-19,50.55814,-126.73386,HumanObservation,EPSG:4326 WGS84,0,9, http://dx.doi.org/10.21966/1.566666
JE191N1,2015-06-19,50.60263,-126.70188,HumanObservation,EPSG:4326 WGS84,0,9, http://dx.doi.org/10.21966/1.566666
JE192N1,2015-06-20,50.5194,-126.40831,HumanObservation,EPSG:4326 WGS84,0,9, http://dx.doi.org/10.21966/1.566666
JE193N1,2015-06-20,50.48001,-126.41469,HumanObservation,EPSG:4326 WGS84,0,9, http://dx.doi.org/10.21966/1.566666
JE195N1,2015-06-20,50.45804,-126.16997,HumanObservation,EPSG:4326 WGS84,0,9, http://dx.doi.org/10.21966/1.566666
JE196N1,2015-06-21,50.4763,-126.02838,HumanObservation,EPSG:4326 WGS84,0,9, http://dx.doi.org/10.21966/1.566666
JE197N1,2015-06-21,50.49608,-126.21645,HumanObservation,EPSG:4326 WGS84,0,9, http://dx.doi.org/10.21966/1.566666
JE198N1,NA,NA,NA,HumanObservation,EPSG:4326 WGS84,0,9, http://dx.doi.org/10.21966/1.566666
JE198N2,2015-06-21,50.55821,-126.73327,HumanObservation,EPSG:4326 WGS84,0,9, http://dx.doi.org/10.21966/1.566666
JE199N1,NA,NA,NA,HumanObservation,EPSG:4326 WGS84,0,9, http://dx.doi.org/10.21966/1.566666
JE199N2,2015-06-23,50.54774,-126.67774,HumanObservation,EPSG:4326 WGS84,0,9, http://dx.doi.org/10.21966/1.566666
JE200N1,2015-06-23,50.58209,-126.71978,HumanObservation,EPSG:4326 WGS84,0,9, http://dx.doi.org/10.21966/1.566666
JE201N2,NA,NA,NA,HumanObservation,EPSG:4326 WGS84,0,9, http://dx.doi.org/10.21966/1.566666
JE201N1,NA,NA,NA,HumanObservation,EPSG:4326 WGS84,0,9, http://dx.doi.org/10.21966/1.566666
JE201N3,2015-06-23,50.60237,-126.70219,HumanObservation,EPSG:4326 WGS84,0,9, http://dx.doi.org/10.21966/1.566666
JE202N1,2015-06-23,50.54414,-126.81843,HumanObservation,EPSG:4326 WGS84,0,9, http://dx.doi.org/10.21966/1.566666
JE203N1,2015-06-24,50.47705,-126.02871,HumanObservation,EPSG:4326 WGS84,0,9, http://dx.doi.org/10.21966/1.566666
JE204N1,NA,NA,NA,HumanObservation,EPSG:4326 WGS84,0,9, http://dx.doi.org/10.21966/1.566666
JE204N2,2015-06-24,50.45524,-126.11718,HumanObservation,EPSG:4326 WGS84,0,9, http://dx.doi.org/10.21966/1.566666
JE205N1,2015-06-24,50.49837,-126.21404,HumanObservation,EPSG:4326 WGS84,0,9, http://dx.doi.org/10.21966/1.566666
JE206N1,NA,NA,NA,HumanObservation,EPSG:4326 WGS84,0,9, http://dx.doi.org/10.21966/1.566666
JE206N2,2015-06-24,50.4787,-126.41567,HumanObservation,EPSG:4326 WGS84,0,9, http://dx.doi.org/10.21966/1.566666
JE207N1,NA,NA,NA,HumanObservation,EPSG:4326 WGS84,0,9, http://dx.doi.org/10.21966/1.566666
JE207N2,2015-06-27,50.55961,-126.7542,HumanObservation,EPSG:4326 WGS84,0,9, http://dx.doi.org/10.21966/1.566666
JE208N1,NA,NA,NA,HumanObservation,EPSG:4326 WGS84,0,9, http://dx.doi.org/10.21966/1.566666
JE208N2,2015-06-27,50.58165,-126.71952,HumanObservation,EPSG:4326 WGS84,0,9, http://dx.doi.org/10.21966/1.566666
JE209N1,2015-06-27,50.5438,-126.81988,HumanObservation,EPSG:4326 WGS84,0,9, http://dx.doi.org/10.21966/1.566666
JE210N1,NA,NA,NA,HumanObservation,EPSG:4326 WGS84,0,9, http://dx.doi.org/10.21966/1.566666
JE210N2,2015-06-28,50.60255,-126.70201,HumanObservation,EPSG:4326 WGS84,0,9, http://dx.doi.org/10.21966/1.566666
JE211N1,2015-06-28,50.54277,-126.64149,HumanObservation,EPSG:4326 WGS84,0,9, http://dx.doi.org/10.21966/1.566666
JE212N1,2015-06-29,50.47895,-126.41667,HumanObservation,EPSG:4326 WGS84,0,9, http://dx.doi.org/10.21966/1.566666
JE213N1,2015-06-29,50.45942,-126.16916,HumanObservation,EPSG:4326 WGS84,0,9, http://dx.doi.org/10.21966/1.566666
JE216N1,2015-07-01,50.55809,-126.73246,HumanObservation,EPSG:4326 WGS84,0,9, http://dx.doi.org/10.21966/1.566666
JE217N1,2015-07-01,50.54703,-126.67197,HumanObservation,EPSG:4326 WGS84,0,9, http://dx.doi.org/10.21966/1.566666
JE218N1,2015-07-01,50.54329,-126.8169,HumanObservation,EPSG:4326 WGS84,0,9, http://dx.doi.org/10.21966/1.566666
JE219N1,2015-07-02,NA,NA,HumanObservation,EPSG:4326 WGS84,0,9, http://dx.doi.org/10.21966/1.566666
JE220N1,2015-07-02,NA,NA,HumanObservation,EPSG:4326 WGS84,0,9, http://dx.doi.org/10.21966/1.566666
JE221N1,2015-07-07,NA,NA,HumanObservation,EPSG:4326 WGS84,0,9, http://dx.doi.org/10.21966/1.566666
JE224N1,2015-07-07,NA,NA,HumanObservation,EPSG:4326 WGS84,0,9, http://dx.doi.org/10.21966/1.566666
JE225N1,2015-07-07,NA,NA,HumanObservation,EPSG:4326 WGS84,0,9, http://dx.doi.org/10.21966/1.566666
JE227N1,2015-07-10,NA,NA,HumanObservation,EPSG:4326 WGS84,0,9, http://dx.doi.org/10.21966/1.566666
JE228N1,2015-07-10,NA,NA,HumanObservation,EPSG:4326 WGS84,0,9, http://dx.doi.org/10.21966/1.566666
JE229N1,NA,NA,NA,HumanObservation,EPSG:4326 WGS84,0,9, http://dx.doi.org/10.21966/1.566666
JE229N2,2015-07-10,NA,NA,HumanObservation,EPSG:4326 WGS84,0,9, http://dx.doi.org/10.21966/1.566666
JE231N1,2016-05-20,50.506881,-126.247378,HumanObservation,EPSG:4326 WGS84,0,9, http://dx.doi.org/10.21966/1.566666
JE232N1,2016-05-20,50.458043,-126.152637,HumanObservation,EPSG:4326 WGS84,0,9, http://dx.doi.org/10.21966/1.566666
JE233N1,2016-05-21,50.473969,-126.247378,HumanObservation,EPSG:4326 WGS84,0,9, http://dx.doi.org/10.21966/1.566666
JE234N1,NA,NA,NA,HumanObservation,EPSG:4326 WGS84,0,9, http://dx.doi.org/10.21966/1.566666
JE234N2,2016-05-21,50.458043,-126.152637,HumanObservation,EPSG:4326 WGS84,0,9, http://dx.doi.org/10.21966/1.566666
JE235N2,NA,NA,NA,HumanObservation,EPSG:4326 WGS84,0,9, http://dx.doi.org/10.21966/1.566666
JE235N1,NA,NA,NA,HumanObservation,EPSG:4326 WGS84,0,9, http://dx.doi.org/10.21966/1.566666
JE235N3,2016-05-21,50.526493,-126.38718,HumanObservation,EPSG:4326 WGS84,0,9, http://dx.doi.org/10.21966/1.566666
JE236N1,2016-05-21,50.480359,-126.412275,HumanObservation,EPSG:4326 WGS84,0,9, http://dx.doi.org/10.21966/1.566666
JE237N1,2016-05-22,50.543296,-126.816816,HumanObservation,EPSG:4326 WGS84,0,9, http://dx.doi.org/10.21966/1.566666
JE238N1,2016-05-22,50.558361,-126.732241,HumanObservation,EPSG:4326 WGS84,0,9, http://dx.doi.org/10.21966/1.566666
JE239N1,NA,NA,NA,HumanObservation,EPSG:4326 WGS84,0,9, http://dx.doi.org/10.21966/1.566666
JE239N2,2016-05-22,50.54692,-126.67193,HumanObservation,EPSG:4326 WGS84,0,9, http://dx.doi.org/10.21966/1.566666
JE240N1,2016-05-22,50.601718,-126.701857,HumanObservation,EPSG:4326 WGS84,0,9, http://dx.doi.org/10.21966/1.566666
JE243N1,NA,NA,NA,HumanObservation,EPSG:4326 WGS84,0,9, http://dx.doi.org/10.21966/1.566666
JE243N2,2016-05-26,50.522967,-126.377383,HumanObservation,EPSG:4326 WGS84,0,9, http://dx.doi.org/10.21966/1.566666
JE244N1,2016-05-26,50.495266,-126.211667,HumanObservation,EPSG:4326 WGS84,0,9, http://dx.doi.org/10.21966/1.566666
JE245N1,NA,NA,NA,HumanObservation,EPSG:4326 WGS84,0,9, http://dx.doi.org/10.21966/1.566666
JE245N2,2016-05-27,50.477037,-126.028592,HumanObservation,EPSG:4326 WGS84,0,9, http://dx.doi.org/10.21966/1.566666
JE246N1,2016-05-27,50.4559,-126.1191,HumanObservation,EPSG:4326 WGS84,0,9, http://dx.doi.org/10.21966/1.566666
JE248N1,2016-05-27,50.543432,-126.8134,HumanObservation,EPSG:4326 WGS84,0,9, http://dx.doi.org/10.21966/1.566666
JE249N1,2016-05-27,50.576696,-126.721158,HumanObservation,EPSG:4326 WGS84,0,9, http://dx.doi.org/10.21966/1.566666
JE250N1,NA,NA,NA,HumanObservation,EPSG:4326 WGS84,0,9, http://dx.doi.org/10.21966/1.566666
JE250N2,2016-05-28,50.60125,-126.704457,HumanObservation,EPSG:4326 WGS84,0,9, http://dx.doi.org/10.21966/1.566666
JE251N1,2016-05-28,50.545897,-126.668909,HumanObservation,EPSG:4326 WGS84,0,9, http://dx.doi.org/10.21966/1.566666
JE252N1,2016-06-01,50.60125,-126.704457,HumanObservation,EPSG:4326 WGS84,0,9, http://dx.doi.org/10.21966/1.566666
JE253N1,2016-06-01,50.576696,-126.721158,HumanObservation,EPSG:4326 WGS84,0,9, http://dx.doi.org/10.21966/1.566666
JE254N1,2016-06-02,50.477038,-126.028566,HumanObservation,EPSG:4326 WGS84,0,9, http://dx.doi.org/10.21966/1.566666
JE255N1,NA,NA,NA,HumanObservation,EPSG:4326 WGS84,0,9, http://dx.doi.org/10.21966/1.566666
JE255N2,2016-06-02,50.543432,-126.8134,HumanObservation,EPSG:4326 WGS84,0,9, http://dx.doi.org/10.21966/1.566666
JE256N1,2016-06-02,50.540979,-126.78085,HumanObservation,EPSG:4326 WGS84,0,9, http://dx.doi.org/10.21966/1.566666
JE257N1,2016-06-03,50.507301,-126.24325,HumanObservation,EPSG:4326 WGS84,0,9, http://dx.doi.org/10.21966/1.566666
JE258N1,2016-06-03,50.459012,-126.1695,HumanObservation,EPSG:4326 WGS84,0,9, http://dx.doi.org/10.21966/1.566666
JE259N2,NA,NA,NA,HumanObservation,EPSG:4326 WGS84,0,9, http://dx.doi.org/10.21966/1.566666
JE259N1,NA,NA,NA,HumanObservation,EPSG:4326 WGS84,0,9, http://dx.doi.org/10.21966/1.566666
JE259N3,2016-06-04,50.458983,-126.169594,HumanObservation,EPSG:4326 WGS84,0,9, http://dx.doi.org/10.21966/1.566666
JE260N1,2016-06-04,50.525287,-126.390347,HumanObservation,EPSG:4326 WGS84,0,9, http://dx.doi.org/10.21966/1.566666
JE261N1,2016-06-04,50.543029,-126.632233,HumanObservation,EPSG:4326 WGS84,0,9, http://dx.doi.org/10.21966/1.566666
JE262N1,2016-06-09,50.544941,-126.816489,HumanObservation,EPSG:4326 WGS84,0,9, http://dx.doi.org/10.21966/1.566666
JE263N1,2016-06-09,50.55543,-126.724521,HumanObservation,EPSG:4326 WGS84,0,9, http://dx.doi.org/10.21966/1.566666
JE264N1,2016-06-09,50.602327,-126.701507,HumanObservation,EPSG:4326 WGS84,0,9, http://dx.doi.org/10.21966/1.566666
JE265N1,2016-06-10,50.5771,-126.721684,HumanObservation,EPSG:4326 WGS84,0,9, http://dx.doi.org/10.21966/1.566666
JE266N1,2016-06-10,50.547475,-126.676942,HumanObservation,EPSG:4326 WGS84,0,9, http://dx.doi.org/10.21966/1.566666
JE267N1,2016-06-10,50.51821,-126.406079,HumanObservation,EPSG:4326 WGS84,0,9, http://dx.doi.org/10.21966/1.566666
JE268N1,2016-06-10,50.480214,-126.4142,HumanObservation,EPSG:4326 WGS84,0,9, http://dx.doi.org/10.21966/1.566666
JE269N1,2016-06-11,50.476173,-126.029443,HumanObservation,EPSG:4326 WGS84,0,9, http://dx.doi.org/10.21966/1.566666
JE270N1,2016-06-11,50.456683,-126.153895,HumanObservation,EPSG:4326 WGS84,0,9, http://dx.doi.org/10.21966/1.566666
JE271N1,2016-06-11,50.500269,-126.209365,HumanObservation,EPSG:4326 WGS84,0,9, http://dx.doi.org/10.21966/1.566666
JE272N1,NA,NA,NA,HumanObservation,EPSG:4326 WGS84,0,9, http://dx.doi.org/10.21966/1.566666
JE272N2,2016-06-17,50.602051,-126.704553,HumanObservation,EPSG:4326 WGS84,0,9, http://dx.doi.org/10.21966/1.566666
JE273N1,2016-06-17,50.579213,-126.71432,HumanObservation,EPSG:4326 WGS84,0,9, http://dx.doi.org/10.21966/1.566666
JE274N1,NA,NA,NA,HumanObservation,EPSG:4326 WGS84,0,9, http://dx.doi.org/10.21966/1.566666
JE274N2,2016-06-18,50.579393,-126.714162,HumanObservation,EPSG:4326 WGS84,0,9, http://dx.doi.org/10.21966/1.566666
JE276N1,2016-06-18,50.546326,-126.669166,HumanObservation,EPSG:4326 WGS84,0,9, http://dx.doi.org/10.21966/1.566666
JE278N3,2016-06-19,50.483183,-126.403858,HumanObservation,EPSG:4326 WGS84,0,9, http://dx.doi.org/10.21966/1.566666
JE278N2,2016-06-19,50.483183,-126.403858,HumanObservation,EPSG:4326 WGS84,0,9, http://dx.doi.org/10.21966/1.566666
JE278N1,2016-06-19,50.483183,-126.403858,HumanObservation,EPSG:4326 WGS84,0,9, http://dx.doi.org/10.21966/1.566666
JE281N1,2016-06-19,50.506302,-126.24142,HumanObservation,EPSG:4326 WGS84,0,9, http://dx.doi.org/10.21966/1.566666
JE282N1,2016-06-19,50.506323,-126.241304,HumanObservation,EPSG:4326 WGS84,0,9, http://dx.doi.org/10.21966/1.566666
JE283N1,2016-06-20,50.455728,-126.116461,HumanObservation,EPSG:4326 WGS84,0,9, http://dx.doi.org/10.21966/1.566666
JE284N1,2016-06-23,50.54401,-126.81461,HumanObservation,EPSG:4326 WGS84,0,9, http://dx.doi.org/10.21966/1.566666
JE285N1,2016-06-23,50.55803,-126.73463,HumanObservation,EPSG:4326 WGS84,0,9, http://dx.doi.org/10.21966/1.566666
JE286N1,2016-06-23,50.55803,-126.73463,HumanObservation,EPSG:4326 WGS84,0,9, http://dx.doi.org/10.21966/1.566666
JE288N1,2016-06-24,50.6017,-126.70318,HumanObservation,EPSG:4326 WGS84,0,9, http://dx.doi.org/10.21966/1.566666
JE290N1,NA,NA,NA,HumanObservation,EPSG:4326 WGS84,0,9, http://dx.doi.org/10.21966/1.566666
JE290N2,2016-06-24,50.4806,-126.40961,HumanObservation,EPSG:4326 WGS84,0,9, http://dx.doi.org/10.21966/1.566666
JE291N1,2016-06-25,50.47508,-126.03392,HumanObservation,EPSG:4326 WGS84,0,9, http://dx.doi.org/10.21966/1.566666
JE292N1,2016-06-25,50.45733,-126.16553,HumanObservation,EPSG:4326 WGS84,0,9, http://dx.doi.org/10.21966/1.566666
JE293N1,NA,NA,NA,HumanObservation,EPSG:4326 WGS84,0,9, http://dx.doi.org/10.21966/1.566666
JE293N2,2016-06-25,50.49874,-126.21257,HumanObservation,EPSG:4326 WGS84,0,9, http://dx.doi.org/10.21966/1.566666
JE294N1,NA,NA,NA,HumanObservation,EPSG:4326 WGS84,0,9, http://dx.doi.org/10.21966/1.566666
JE294N2,2016-07-04,50.601529,-126.703784,HumanObservation,EPSG:4326 WGS84,0,9, http://dx.doi.org/10.21966/1.566666
JE295N1,2016-07-04,50.580247,-126.721745,HumanObservation,EPSG:4326 WGS84,0,9, http://dx.doi.org/10.21966/1.566666
JE298N1,2016-07-04,50.543818,-126.794456,HumanObservation,EPSG:4326 WGS84,0,9, http://dx.doi.org/10.21966/1.566666
JE300N1,2016-07-05,50.47779,-126.429726,HumanObservation,EPSG:4326 WGS84,0,9, http://dx.doi.org/10.21966/1.566666
JE302N1,2016-07-05,50.456886,-126.162647,HumanObservation,EPSG:4326 WGS84,0,9, http://dx.doi.org/10.21966/1.566666
JE303N1,2016-07-06,50.457049,-126.162651,HumanObservation,EPSG:4326 WGS84,0,9, http://dx.doi.org/10.21966/1.566666
JE304N1,NA,NA,NA,HumanObservation,EPSG:4326 WGS84,0,9, http://dx.doi.org/10.21966/1.566666
JE304N2,2017-06-06,50.54522,-126.65949,HumanObservation,EPSG:4326 WGS84,0,9, http://dx.doi.org/10.21966/1.566666
JE305N1,2017-06-06,50.6022,-126.70567,HumanObservation,EPSG:4326 WGS84,0,9, http://dx.doi.org/10.21966/1.566666
JE306N2,2017-06-13,50.54393,-126.8131,HumanObservation,EPSG:4326 WGS84,0,9, http://dx.doi.org/10.21966/1.566666
JE306N1,2017-06-13,50.5438,-126.80927,HumanObservation,EPSG:4326 WGS84,0,9, http://dx.doi.org/10.21966/1.566666
JE307N1,2017-06-14,50.54411,-126.65398,HumanObservation,EPSG:4326 WGS84,0,9, http://dx.doi.org/10.21966/1.566666
JE308N2,2017-06-20,50.60224,-126.70529,HumanObservation,EPSG:4326 WGS84,0,9, http://dx.doi.org/10.21966/1.566666
JE308N1,2017-06-20,50.60233,-126.70309,HumanObservation,EPSG:4326 WGS84,0,9, http://dx.doi.org/10.21966/1.566666
JE309N2,2017-06-21,50.54628,-126.81474,HumanObservation,EPSG:4326 WGS84,0,9, http://dx.doi.org/10.21966/1.566666
JE309N1,2017-06-21,50.54487,-126.81252,HumanObservation,EPSG:4326 WGS84,0,9, http://dx.doi.org/10.21966/1.566666
JE310N2,2017-06-27,50.54582,-126.81618,HumanObservation,EPSG:4326 WGS84,0,9, http://dx.doi.org/10.21966/1.566666
JE310N1,2017-06-27,50.54574,-126.81679,HumanObservation,EPSG:4326 WGS84,0,9, http://dx.doi.org/10.21966/1.566666
JE311N4,NA,NA,NA,HumanObservation,EPSG:4326 WGS84,0,9, http://dx.doi.org/10.21966/1.566666
JE311N3,NA,NA,NA,HumanObservation,EPSG:4326 WGS84,0,9, http://dx.doi.org/10.21966/1.566666
JE311N2,NA,NA,NA,HumanObservation,EPSG:4326 WGS84,0,9, http://dx.doi.org/10.21966/1.566666
JE311N1,NA,NA,NA,HumanObservation,EPSG:4326 WGS84,0,9, http://dx.doi.org/10.21966/1.566666
JE311N5,2017-06-28,50.60278,-126.70284,HumanObservation,EPSG:4326 WGS84,0,9, http://dx.doi.org/10.21966/1.566666
JE314N2,2017-07-06,50.54454,-126.81227,HumanObservation,EPSG:4326 WGS84,0,9, http://dx.doi.org/10.21966/1.566666
JE314N1,2017-07-06,50.54372,-126.81769,HumanObservation,EPSG:4326 WGS84,0,9, http://dx.doi.org/10.21966/1.566666
JE312N1,2017-07-07,50.54505,-126.65729,HumanObservation,EPSG:4326 WGS84,0,9, http://dx.doi.org/10.21966/1.566666
JE313N1,2017-07-07,50.60144,-126.70046,HumanObservation,EPSG:4326 WGS84,0,9, http://dx.doi.org/10.21966/1.566666
JE316N1,2017-07-12,50.546,-126.81509,HumanObservation,EPSG:4326 WGS84,0,9, http://dx.doi.org/10.21966/1.566666
JE315N1,2017-07-12,50.54533,-126.65855,HumanObservation,EPSG:4326 WGS84,0,9, http://dx.doi.org/10.21966/1.566666
DE505N2,2018-05-11,50.3154,-125.053,HumanObservation,EPSG:4326 WGS84,0,9, http://dx.doi.org/10.21966/1.566666
DE505N1,2018-05-11,50.316217,-125.052033,HumanObservation,EPSG:4326 WGS84,0,9, http://dx.doi.org/10.21966/1.566666
DE506N1,2018-05-14,50.18167,-125.1523,HumanObservation,EPSG:4326 WGS84,0,9, http://dx.doi.org/10.21966/1.566666
DE510N1,2018-05-15,50.309206,-125.323291,HumanObservation,EPSG:4326 WGS84,0,9, http://dx.doi.org/10.21966/1.566666
JE411N1,2018-05-17,50.54526,-126.8154,HumanObservation,EPSG:4326 WGS84,0,9, http://dx.doi.org/10.21966/1.566666
JE412N1,2018-05-17,50.53912,-126.77893,HumanObservation,EPSG:4326 WGS84,0,9, http://dx.doi.org/10.21966/1.566666
DE516N2,2018-05-17,50.316117,-125.052167,HumanObservation,EPSG:4326 WGS84,0,9, http://dx.doi.org/10.21966/1.566666
DE516N1,2018-05-17,50.316983,-125.049967,HumanObservation,EPSG:4326 WGS84,0,9, http://dx.doi.org/10.21966/1.566666
JE401N1,2018-05-21,50.5429,-126.81615,HumanObservation,EPSG:4326 WGS84,0,9, http://dx.doi.org/10.21966/1.566666
JE402N1,2018-05-21,50.53927,-126.78078,HumanObservation,EPSG:4326 WGS84,0,9, http://dx.doi.org/10.21966/1.566666
DE517N2,2018-05-22,50.31006,-125.317963,HumanObservation,EPSG:4326 WGS84,0,9, http://dx.doi.org/10.21966/1.566666
DE517N1,2018-05-22,NA,NA,HumanObservation,EPSG:4326 WGS84,0,9, http://dx.doi.org/10.21966/1.566666
DE531N1,2018-05-23,50.271333,-125.368,HumanObservation,EPSG:4326 WGS84,0,9, http://dx.doi.org/10.21966/1.566666
DE512N1,2018-05-24,50.316807,-125.050581,HumanObservation,EPSG:4326 WGS84,0,9, http://dx.doi.org/10.21966/1.566666
DE513N2,2018-05-28,50.30705,-125.332333,HumanObservation,EPSG:4326 WGS84,0,9, http://dx.doi.org/10.21966/1.566666
DE513N1,2018-05-28,50.30785,-125.328333,HumanObservation,EPSG:4326 WGS84,0,9, http://dx.doi.org/10.21966/1.566666
DE519N1,2018-05-29,50.27045,-125.3656,HumanObservation,EPSG:4326 WGS84,0,9, http://dx.doi.org/10.21966/1.566666
DE514N1,2018-05-30,50.440686,-125.294356,HumanObservation,EPSG:4326 WGS84,0,9, http://dx.doi.org/10.21966/1.566666
JE417N1,2018-05-31,50.54342,-126.81474,HumanObservation,EPSG:4326 WGS84,0,9, http://dx.doi.org/10.21966/1.566666
JE418N1,2018-06-03,50.54561,-126.66166,HumanObservation,EPSG:4326 WGS84,0,9, http://dx.doi.org/10.21966/1.566666
DE520N3,2018-06-04,50.306917,-125.3288,HumanObservation,EPSG:4326 WGS84,0,9, http://dx.doi.org/10.21966/1.566666
DE520N2,2018-06-04,50.307767,-125.32905,HumanObservation,EPSG:4326 WGS84,0,9, http://dx.doi.org/10.21966/1.566666
DE520N1,2018-06-04,50.305683,-125.336917,HumanObservation,EPSG:4326 WGS84,0,9, http://dx.doi.org/10.21966/1.566666
DE521N1,2018-06-05,50.267967,-125.358733,HumanObservation,EPSG:4326 WGS84,0,9, http://dx.doi.org/10.21966/1.566666
JE414N1,2018-06-07,50.54387,-126.80852,HumanObservation,EPSG:4326 WGS84,0,9, http://dx.doi.org/10.21966/1.566666
DE522N1,2018-06-07,50.443485,-125.28775,HumanObservation,EPSG:4326 WGS84,0,9, http://dx.doi.org/10.21966/1.566666
DE523N3,2018-06-11,50.30345,-125.33885,HumanObservation,EPSG:4326 WGS84,0,9, http://dx.doi.org/10.21966/1.566666
DE523N2,2018-06-11,50.307183,-125.335133,HumanObservation,EPSG:4326 WGS84,0,9, http://dx.doi.org/10.21966/1.566666
DE523N1,2018-06-11,50.3099,-125.319633,HumanObservation,EPSG:4326 WGS84,0,9, http://dx.doi.org/10.21966/1.566666
JE415N2,2018-06-12,50.60197,-126.70232,HumanObservation,EPSG:4326 WGS84,0,9, http://dx.doi.org/10.21966/1.566666
JE415N1,2018-06-12,50.60207,-126.70187,HumanObservation,EPSG:4326 WGS84,0,9, http://dx.doi.org/10.21966/1.566666
DE524N4,2018-06-12,50.26805,-125.358833,HumanObservation,EPSG:4326 WGS84,0,9, http://dx.doi.org/10.21966/1.566666
DE524N3,2018-06-12,50.270667,-125.365017,HumanObservation,EPSG:4326 WGS84,0,9, http://dx.doi.org/10.21966/1.566666
DE524N2,2018-06-12,50.268817,-125.359533,HumanObservation,EPSG:4326 WGS84,0,9, http://dx.doi.org/10.21966/1.566666
DE524N1,2018-06-12,50.27095,-125.365483,HumanObservation,EPSG:4326 WGS84,0,9, http://dx.doi.org/10.21966/1.566666
DE525N1,2018-06-12,50.233733,-125.395717,HumanObservation,EPSG:4326 WGS84,0,9, http://dx.doi.org/10.21966/1.566666
DE526N1,2018-06-13,338575.5,-125.273467,HumanObservation,EPSG:4326 WGS84,0,9, http://dx.doi.org/10.21966/1.566666
JE419N1,2018-06-14,50.54416,-126.80831,HumanObservation,EPSG:4326 WGS84,0,9, http://dx.doi.org/10.21966/1.566666
DE527N3,2018-06-18,50.308417,-125.3309,HumanObservation,EPSG:4326 WGS84,0,9, http://dx.doi.org/10.21966/1.566666
DE527N2,2018-06-18,50.303167,-125.3387,HumanObservation,EPSG:4326 WGS84,0,9, http://dx.doi.org/10.21966/1.566666
DE527N1,2018-06-18,50.30915,-125.32305,HumanObservation,EPSG:4326 WGS84,0,9, http://dx.doi.org/10.21966/1.566666
DE528N1,2018-06-18,50.29,-125.317433,HumanObservation,EPSG:4326 WGS84,0,9, http://dx.doi.org/10.21966/1.566666
DE529N2,2018-06-19,50.2693,-125.360467,HumanObservation,EPSG:4326 WGS84,0,9, http://dx.doi.org/10.21966/1.566666
DE529N1,2018-06-19,50.268067,-125.35845,HumanObservation,EPSG:4326 WGS84,0,9, http://dx.doi.org/10.21966/1.566666
DE530N2,2018-06-19,50.239,-125.401233,HumanObservation,EPSG:4326 WGS84,0,9, http://dx.doi.org/10.21966/1.566666
DE530N1,2018-06-19,50.2351,-125.397083,HumanObservation,EPSG:4326 WGS84,0,9, http://dx.doi.org/10.21966/1.566666
JE420N1,2018-06-20,50.60216,-126.70131,HumanObservation,EPSG:4326 WGS84,0,9, http://dx.doi.org/10.21966/1.566666
DE532N3,2018-06-20,50.435,-125.263767,HumanObservation,EPSG:4326 WGS84,0,9, http://dx.doi.org/10.21966/1.566666
DE532N2,2018-06-20,50.434567,-125.261567,HumanObservation,EPSG:4326 WGS84,0,9, http://dx.doi.org/10.21966/1.566666
DE532N1,2018-06-20,50.434567,-125.261567,HumanObservation,EPSG:4326 WGS84,0,9, http://dx.doi.org/10.21966/1.566666
JE421N2,2018-06-21,50.54314,-126.81464,HumanObservation,EPSG:4326 WGS84,0,9, http://dx.doi.org/10.21966/1.566666
JE421N1,2018-06-21,50.54372,-126.81902,HumanObservation,EPSG:4326 WGS84,0,9, http://dx.doi.org/10.21966/1.566666
JE422N2,2018-06-23,50.54267,-126.65017,HumanObservation,EPSG:4326 WGS84,0,9, http://dx.doi.org/10.21966/1.566666
JE422N1,2018-06-23,50.54477,-126.65859,HumanObservation,EPSG:4326 WGS84,0,9, http://dx.doi.org/10.21966/1.566666
DE533N2,2018-06-25,50.29995,-125.341167,HumanObservation,EPSG:4326 WGS84,0,9, http://dx.doi.org/10.21966/1.566666
DE533N1,2018-06-25,50.305567,-125.337083,HumanObservation,EPSG:4326 WGS84,0,9, http://dx.doi.org/10.21966/1.566666
DE534N2,2018-06-26,50.26815,-125.360967,HumanObservation,EPSG:4326 WGS84,0,9, http://dx.doi.org/10.21966/1.566666
DE534N1,2018-06-26,50.267517,-125.35945,HumanObservation,EPSG:4326 WGS84,0,9, http://dx.doi.org/10.21966/1.566666
DE535N1,2018-06-27,50.438867,-125.267883,HumanObservation,EPSG:4326 WGS84,0,9, http://dx.doi.org/10.21966/1.566666
DE536N1,2018-06-27,50.298867,-125.337917,HumanObservation,EPSG:4326 WGS84,0,9, http://dx.doi.org/10.21966/1.566666
JE423N2,2018-06-28,50.54343,-126.81577,HumanObservation,EPSG:4326 WGS84,0,9, http://dx.doi.org/10.21966/1.566666
JE423N1,2018-06-28,50.54327,-126.81796,HumanObservation,EPSG:4326 WGS84,0,9, http://dx.doi.org/10.21966/1.566666
JE425N1,2018-06-29,50.60151,-126.70567,HumanObservation,EPSG:4326 WGS84,0,9, http://dx.doi.org/10.21966/1.566666
DE537N1,2018-07-03,50.3092,-125.325,HumanObservation,EPSG:4326 WGS84,0,9, http://dx.doi.org/10.21966/1.566666
JE426N1,2018-07-03,50.54591,-126.6658,HumanObservation,EPSG:4326 WGS84,0,9, http://dx.doi.org/10.21966/1.566666
DE538N2,2018-07-04,50.268783,-125.358283,HumanObservation,EPSG:4326 WGS84,0,9, http://dx.doi.org/10.21966/1.566666
DE538N1,2018-07-04,50.268383,-125.357783,HumanObservation,EPSG:4326 WGS84,0,9, http://dx.doi.org/10.21966/1.566666
JE427N2,2018-07-04,50.54412,-126.81375,HumanObservation,EPSG:4326 WGS84,0,9, http://dx.doi.org/10.21966/1.566666
JE427N1,2018-07-04,50.54367,-126.81252,HumanObservation,EPSG:4326 WGS84,0,9, http://dx.doi.org/10.21966/1.566666
DE539N2,2018-07-05,50.435883,-125.264217,HumanObservation,EPSG:4326 WGS84,0,9, http://dx.doi.org/10.21966/1.566666
DE539N1,2018-07-05,50.437217,-125.265083,HumanObservation,EPSG:4326 WGS84,0,9, http://dx.doi.org/10.21966/1.566666
JE428N1,2018-07-09,50.54549,-126.6642,HumanObservation,EPSG:4326 WGS84,0,9, http://dx.doi.org/10.21966/1.566666
JE429N1,2018-07-09,50.54308,-126.81553,HumanObservation,EPSG:4326 WGS84,0,9, http://dx.doi.org/10.21966/1.566666
DE540N1,2018-07-17,50.309033,-125.323467,HumanObservation,EPSG:4326 WGS84,0,9, http://dx.doi.org/10.21966/1.566666
DE541N1,2018-08-01,50.30655,-125.33625,HumanObservation,EPSG:4326 WGS84,0,9, http://dx.doi.org/10.21966/1.566666
DE546N2,2018-08-08,50.300047,-125.340866,HumanObservation,EPSG:4326 WGS84,0,9, http://dx.doi.org/10.21966/1.566666
DE546N1,2018-08-08,50.307068,-125.331276,HumanObservation,EPSG:4326 WGS84,0,9, http://dx.doi.org/10.21966/1.566666
DE542N2,2018-08-15,50.308983,-125.325167,HumanObservation,EPSG:4326 WGS84,0,9, http://dx.doi.org/10.21966/1.566666
DE542N1,2018-08-15,50.30865,-125.3255,HumanObservation,EPSG:4326 WGS84,0,9, http://dx.doi.org/10.21966/1.566666
DE543N1,2018-08-22,50.30945,-125.324067,HumanObservation,EPSG:4326 WGS84,0,9, http://dx.doi.org/10.21966/1.566666
DE601N1,2019-05-10,50.3056,-125.33005,HumanObservation,EPSG:4326 WGS84,0,9, http://dx.doi.org/10.21966/1.566666
DE602N1,2019-05-13,50.3081,-125.32895,HumanObservation,EPSG:4326 WGS84,0,9, http://dx.doi.org/10.21966/1.566666
JE501N1,2019-05-17,50.54511,-126.65926,HumanObservation,EPSG:4326 WGS84,0,9, http://dx.doi.org/10.21966/1.566666
JE502N1,2019-05-17,50.60154,-126.70369,HumanObservation,EPSG:4326 WGS84,0,9, http://dx.doi.org/10.21966/1.566666
JE503N1,2019-05-20,50.53936,-126.78008,HumanObservation,EPSG:4326 WGS84,0,9, http://dx.doi.org/10.21966/1.566666
JE503N2,2019-05-20,50.55895,-126.77763,HumanObservation,EPSG:4326 WGS84,0,9, http://dx.doi.org/10.21966/1.566666
JE503N3,2019-05-20,50.53912,-126.77922,HumanObservation,EPSG:4326 WGS84,0,9, http://dx.doi.org/10.21966/1.566666
JE504N1,2019-05-20,50.54301,-126.81448,HumanObservation,EPSG:4326 WGS84,0,9, http://dx.doi.org/10.21966/1.566666
JE504N2,2019-05-20,50.54359,-126.81538,HumanObservation,EPSG:4326 WGS84,0,9, http://dx.doi.org/10.21966/1.566666
DE602N2,2019-05-13,50.3081,-125.32895,HumanObservation,EPSG:4326 WGS84,0,9, http://dx.doi.org/10.21966/1.566666
DE602N3,2019-05-13,50.3081,-125.32895,HumanObservation,EPSG:4326 WGS84,0,9, http://dx.doi.org/10.21966/1.566666
DE605N1,2019-05-15,50.24247,-125.3975,HumanObservation,EPSG:4326 WGS84,0,9, http://dx.doi.org/10.21966/1.566666
DE607N1,2019-05-21,50.31025,-125.320467,HumanObservation,EPSG:4326 WGS84,0,9, http://dx.doi.org/10.21966/1.566666
DE608N1,2019-05-22,50.2688,-125.357533,HumanObservation,EPSG:4326 WGS84,0,9, http://dx.doi.org/10.21966/1.566666
DE609N1,2019-05-23,50.442683,-125.277333,HumanObservation,EPSG:4326 WGS84,0,9, http://dx.doi.org/10.21966/1.566666
JE505N1,2019-05-23,50.54622,-126.66857,HumanObservation,EPSG:4326 WGS84,0,9, http://dx.doi.org/10.21966/1.566666
JE506N1,2019-05-26,50.54025,-126.78289,HumanObservation,EPSG:4326 WGS84,0,9, http://dx.doi.org/10.21966/1.566666
DE610N1,2019-05-25,50.305683,-125.3377,HumanObservation,EPSG:4326 WGS84,0,9, http://dx.doi.org/10.21966/1.566666
DE612N1,2019-05-26,50.2692,-125.360867,HumanObservation,EPSG:4326 WGS84,0,9, http://dx.doi.org/10.21966/1.566666
DE613N1,2019-05-26,50.241902,-125.397842,HumanObservation,EPSG:4326 WGS84,0,9, http://dx.doi.org/10.21966/1.566666
DE613N2,2019-05-26,50.24135,-125.398056,HumanObservation,EPSG:4326 WGS84,0,9, http://dx.doi.org/10.21966/1.566666
DE613N3,2019-05-26,50.2453,-125.395267,HumanObservation,EPSG:4326 WGS84,0,9, http://dx.doi.org/10.21966/1.566666
DE615N1,2019-05-27,50.442917,-125.27725,HumanObservation,EPSG:4326 WGS84,0,9, http://dx.doi.org/10.21966/1.566666
DE615N2,2019-05-27,50.440383,-125.2715,HumanObservation,EPSG:4326 WGS84,0,9, http://dx.doi.org/10.21966/1.566666
DE616N1,2019-05-27,50.45645,-125.2677,HumanObservation,EPSG:4326 WGS84,0,9, http://dx.doi.org/10.21966/1.566666
DE614N1,2019-05-28,50.30545,-125.33815,HumanObservation,EPSG:4326 WGS84,0,9, http://dx.doi.org/10.21966/1.566666
DE614N2,2019-05-28,50.305267,-125.33815,HumanObservation,EPSG:4326 WGS84,0,9, http://dx.doi.org/10.21966/1.566666
DE614N3,2019-05-28,50.304033,-125.3394,HumanObservation,EPSG:4326 WGS84,0,9, http://dx.doi.org/10.21966/1.566666
DE614N4,2019-05-28,50.30215,-125.339583,HumanObservation,EPSG:4326 WGS84,0,9, http://dx.doi.org/10.21966/1.566666
JE508N1,2019-05-29,50.60181,-126.70432,HumanObservation,EPSG:4326 WGS84,0,9, http://dx.doi.org/10.21966/1.566666
JE509N1,2019-05-30,50.53974,-126.78125,HumanObservation,EPSG:4326 WGS84,0,9, http://dx.doi.org/10.21966/1.566666
JE509N2,2019-05-30,50.54062,-126.78237,HumanObservation,EPSG:4326 WGS84,0,9, http://dx.doi.org/10.21966/1.566666
DE617N1,2019-05-29,50.275033,-125.378217,HumanObservation,EPSG:4326 WGS84,0,9, http://dx.doi.org/10.21966/1.566666
JE510N1,2019-05-31,50.54637,-126.66978,HumanObservation,EPSG:4326 WGS84,0,9, http://dx.doi.org/10.21966/1.566666
JE510N2,2019-05-31,50.54552,-126.66193,HumanObservation,EPSG:4326 WGS84,0,9, http://dx.doi.org/10.21966/1.566666
JE510N3,2019-05-31,50.54615,-126.6701,HumanObservation,EPSG:4326 WGS84,0,9, http://dx.doi.org/10.21966/1.566666
DE618N1,2019-05-30,50.442933,-125.278717,HumanObservation,EPSG:4326 WGS84,0,9, http://dx.doi.org/10.21966/1.566666
DE619N1,2019-05-30,50.456733,-125.268833,HumanObservation,EPSG:4326 WGS84,0,9, http://dx.doi.org/10.21966/1.566666
DE619N2,2019-05-30,50.45715,-125.268117,HumanObservation,EPSG:4326 WGS84,0,9, http://dx.doi.org/10.21966/1.566666
DE620N1,2019-06-01,50.271417,-125.366183,HumanObservation,EPSG:4326 WGS84,0,9, http://dx.doi.org/10.21966/1.566666
DE626N1,2019-06-05,50.3055,-125.3351,HumanObservation,EPSG:4326 WGS84,0,9, http://dx.doi.org/10.21966/1.566666
DE621N1,2019-06-02,50.308217,-125.327317,HumanObservation,EPSG:4326 WGS84,0,9, http://dx.doi.org/10.21966/1.566666
DE621N2,2019-06-02,50.308533,-125.3281,HumanObservation,EPSG:4326 WGS84,0,9, http://dx.doi.org/10.21966/1.566666
JE511N1,2019-06-05,50.53986,-126.77921,HumanObservation,EPSG:4326 WGS84,0,9, http://dx.doi.org/10.21966/1.566666
JE513N1,2019-06-05,50.601398,-126.702403,HumanObservation,EPSG:4326 WGS84,0,9, http://dx.doi.org/10.21966/1.566666
JE513N2,2019-06-05,50.601457,-126.702725,HumanObservation,EPSG:4326 WGS84,0,9, http://dx.doi.org/10.21966/1.566666
JE514N1,2019-06-06,50.54037,-126.78188,HumanObservation,EPSG:4326 WGS84,0,9, http://dx.doi.org/10.21966/1.566666
JE515N1,2019-06-06,50.6018,-126.70077,HumanObservation,EPSG:4326 WGS84,0,9, http://dx.doi.org/10.21966/1.566666
JE516N1,2019-06-09,50.5447,-126.66235,HumanObservation,EPSG:4326 WGS84,0,9, http://dx.doi.org/10.21966/1.566666
JE517N1,2019-06-10,50.54026,-126.78209,HumanObservation,EPSG:4326 WGS84,0,9, http://dx.doi.org/10.21966/1.566666
DE623N1,2019-06-03,50.457167,-125.262433,HumanObservation,EPSG:4326 WGS84,0,9, http://dx.doi.org/10.21966/1.566666
DE624N1,2019-06-04,50.274683,-125.377683,HumanObservation,EPSG:4326 WGS84,0,9, http://dx.doi.org/10.21966/1.566666
DE627N1,2019-06-06,50.44365,-125.27435,HumanObservation,EPSG:4326 WGS84,0,9, http://dx.doi.org/10.21966/1.566666
DE628N1,2019-06-10,50.306067,-125.330583,HumanObservation,EPSG:4326 WGS84,0,9, http://dx.doi.org/10.21966/1.566666
DE628N2,2019-06-10,50.304683,-125.331683,HumanObservation,EPSG:4326 WGS84,0,9, http://dx.doi.org/10.21966/1.566666
DE628N3,2019-06-10,50.303733,-125.3323,HumanObservation,EPSG:4326 WGS84,0,9, http://dx.doi.org/10.21966/1.566666
JE518N1,2019-06-11,50.54608,-126.66772,HumanObservation,EPSG:4326 WGS84,0,9, http://dx.doi.org/10.21966/1.566666
DE629N1,2019-06-11,50.2772,-125.376983,HumanObservation,EPSG:4326 WGS84,0,9, http://dx.doi.org/10.21966/1.566666
DE630N1,2019-06-11,50.243817,-125.3971,HumanObservation,EPSG:4326 WGS84,0,9, http://dx.doi.org/10.21966/1.566666
DE631N1,2019-06-12,50.43845,-125.267033,HumanObservation,EPSG:4326 WGS84,0,9, http://dx.doi.org/10.21966/1.566666
JE519N1,2019-06-16,50.5392,-126.77885,HumanObservation,EPSG:4326 WGS84,0,9, http://dx.doi.org/10.21966/1.566666
DE632N1,2019-06-17,50.305667,-125.33775,HumanObservation,EPSG:4326 WGS84,0,9, http://dx.doi.org/10.21966/1.566666
DE632N2,2019-06-17,50.30785,-125.329683,HumanObservation,EPSG:4326 WGS84,0,9, http://dx.doi.org/10.21966/1.566666
DE633N1,2019-06-18,50.275117,-125.37835,HumanObservation,EPSG:4326 WGS84,0,9, http://dx.doi.org/10.21966/1.566666
DE633N2,2019-06-18,50.275117,-125.37835,HumanObservation,EPSG:4326 WGS84,0,9, http://dx.doi.org/10.21966/1.566666
DE634N1,2019-06-20,50.456533,-125.268783,HumanObservation,EPSG:4326 WGS84,0,9, http://dx.doi.org/10.21966/1.566666
JE520N1,2019-06-23,50.5458,-126.66536,HumanObservation,EPSG:4326 WGS84,0,9, http://dx.doi.org/10.21966/1.566666
JE520N2,2019-06-23,50.54616,-126.66828,HumanObservation,EPSG:4326 WGS84,0,9, http://dx.doi.org/10.21966/1.566666
JE520N3,2019-06-23,50.54602,-126.66768,HumanObservation,EPSG:4326 WGS84,0,9, http://dx.doi.org/10.21966/1.566666
DE636N1,2019-06-24,50.307533,-125.33005,HumanObservation,EPSG:4326 WGS84,0,9, http://dx.doi.org/10.21966/1.566666
DE636N2,2019-06-24,50.309833,-125.330533,HumanObservation,EPSG:4326 WGS84,0,9, http://dx.doi.org/10.21966/1.566666
JE522N1,2019-06-24,50.53839,-126.77386,HumanObservation,EPSG:4326 WGS84,0,9, http://dx.doi.org/10.21966/1.566666
JE522N2,2019-06-24,50.53825,-126.77136,HumanObservation,EPSG:4326 WGS84,0,9, http://dx.doi.org/10.21966/1.566666
DE638N1,2019-06-25,50.272117,-125.37515,HumanObservation,EPSG:4326 WGS84,0,9, http://dx.doi.org/10.21966/1.566666
DE639N1,2019-06-25,50.24475,-125.396667,HumanObservation,EPSG:4326 WGS84,0,9, http://dx.doi.org/10.21966/1.566666
DE639N2,2019-06-25,50.23995,-125.396583,HumanObservation,EPSG:4326 WGS84,0,9, http://dx.doi.org/10.21966/1.566666
DE641N1,2019-06-26,50.452067,-125.247833,HumanObservation,EPSG:4326 WGS84,0,9, http://dx.doi.org/10.21966/1.566666
DE641N2,2019-06-26,50.457617,-125.2586,HumanObservation,EPSG:4326 WGS84,0,9, http://dx.doi.org/10.21966/1.566666
JE523N1,2019-06-28,50.54513,-126.66184,HumanObservation,EPSG:4326 WGS84,0,9, http://dx.doi.org/10.21966/1.566666
JE523N2,2019-06-28,50.54599,-126.66737,HumanObservation,EPSG:4326 WGS84,0,9, http://dx.doi.org/10.21966/1.566666
JE523N3,2019-06-28,50.5458,-126.66183,HumanObservation,EPSG:4326 WGS84,0,9, http://dx.doi.org/10.21966/1.566666
JE524N1,2019-06-28,50.6012,-126.7028,HumanObservation,EPSG:4326 WGS84,0,9, http://dx.doi.org/10.21966/1.566666
JE524N2,2019-06-28,50.60129,-126.70315,HumanObservation,EPSG:4326 WGS84,0,9, http://dx.doi.org/10.21966/1.566666
JE525N1,2019-06-29,50.54023,-126.78136,HumanObservation,EPSG:4326 WGS84,0,9, http://dx.doi.org/10.21966/1.566666
JE525N2,2019-06-29,50.53973,-126.77827,HumanObservation,EPSG:4326 WGS84,0,9, http://dx.doi.org/10.21966/1.566666
DE642N1,2019-07-02,50.305633,-125.337583,HumanObservation,EPSG:4326 WGS84,0,9, http://dx.doi.org/10.21966/1.566666
DE642N2,2019-07-02,50.304533,-125.336083,HumanObservation,EPSG:4326 WGS84,0,9, http://dx.doi.org/10.21966/1.566666
DE642N3,2019-07-02,50.308817,-125.325983,HumanObservation,EPSG:4326 WGS84,0,9, http://dx.doi.org/10.21966/1.566666
DE643N1,2019-07-03,50.2727,-125.376983,HumanObservation,EPSG:4326 WGS84,0,9, http://dx.doi.org/10.21966/1.566666
DE644N1,2019-07-03,50.234917,-125.394583,HumanObservation,EPSG:4326 WGS84,0,9, http://dx.doi.org/10.21966/1.566666
DE644N2,2019-07-03,50.232967,-125.393833,HumanObservation,EPSG:4326 WGS84,0,9, http://dx.doi.org/10.21966/1.566666
DE644N3,2019-07-03,50.23085,-125.394533,HumanObservation,EPSG:4326 WGS84,0,9, http://dx.doi.org/10.21966/1.566666
JE526N1,2019-07-04,50.54523,-126.66216,HumanObservation,EPSG:4326 WGS84,0,9, http://dx.doi.org/10.21966/1.566666
DE646N1,2019-07-04,50.457633,-125.259917,HumanObservation,EPSG:4326 WGS84,0,9, http://dx.doi.org/10.21966/1.566666
DE646N2,2019-07-04,50.456783,-125.264833,HumanObservation,EPSG:4326 WGS84,0,9, http://dx.doi.org/10.21966/1.566666
DE646N3,2019-07-04,50.456867,-125.26715,HumanObservation,EPSG:4326 WGS84,0,9, http://dx.doi.org/10.21966/1.566666
JE527N1,2019-07-06,50.53932,-126.78125,HumanObservation,EPSG:4326 WGS84,0,9, http://dx.doi.org/10.21966/1.566666
DE647N1,2019-07-08,50.305917,-125.333817,HumanObservation,EPSG:4326 WGS84,0,9, http://dx.doi.org/10.21966/1.566666
DE647N2,2019-07-08,50.3076,-125.327583,HumanObservation,EPSG:4326 WGS84,0,9, http://dx.doi.org/10.21966/1.566666
DE647N3,2019-07-08,50.312667,-125.32365,HumanObservation,EPSG:4326 WGS84,0,9, http://dx.doi.org/10.21966/1.566666
DE648N1,2019-07-09,50.26936667,-125.3628167,HumanObservation,EPSG:4326 WGS84,0,9, http://dx.doi.org/10.21966/1.566666
DE649N1,2019-07-09,50.24285,-125.3972667,HumanObservation,EPSG:4326 WGS84,0,9, http://dx.doi.org/10.21966/1.566666
DE649N2,2019-07-09,50.24078333,-125.3993833,HumanObservation,EPSG:4326 WGS84,0,9, http://dx.doi.org/10.21966/1.566666
DE649N3,2019-07-09,50.23451667,-125.39835,HumanObservation,EPSG:4326 WGS84,0,9, http://dx.doi.org/10.21966/1.566666
JE528N1,2019-07-09,50.54463,-126.65824,HumanObservation,EPSG:4326 WGS84,0,9, http://dx.doi.org/10.21966/1.566666
JE528N2,2019-07-09,50.54428,-126.6545,HumanObservation,EPSG:4326 WGS84,0,9, http://dx.doi.org/10.21966/1.566666
JE529N1,2019-07-11,50.54004,-126.78122,HumanObservation,EPSG:4326 WGS84,0,9, http://dx.doi.org/10.21966/1.566666
JE529N2,2019-07-11,50.53959,-126.77962,HumanObservation,EPSG:4326 WGS84,0,9, http://dx.doi.org/10.21966/1.566666
JE529N3,2019-07-11,50.54053,-126.78,HumanObservation,EPSG:4326 WGS84,0,9, http://dx.doi.org/10.21966/1.566666
DE651N1,2019-07-11,50.4573,-125.265333,HumanObservation,EPSG:4326 WGS84,0,9, http://dx.doi.org/10.21966/1.566666
DE652N1,2019-07-22,50.308483,-125.324317,HumanObservation,EPSG:4326 WGS84,0,9, http://dx.doi.org/10.21966/1.566666
DE652N2,2019-07-22,50.30645,-125.325817,HumanObservation,EPSG:4326 WGS84,0,9, http://dx.doi.org/10.21966/1.566666
DE652N3,2019-07-22,50.308717,-125.323283,HumanObservation,EPSG:4326 WGS84,0,9, http://dx.doi.org/10.21966/1.566666
